"guid","LS_0","LS_1","LS_2","LS_3","DS_0","DS_1","DS_2","DS_3","DS_4","hazard","failure_probability"
"c34c4207-d1e8-47d1-b29e-1ba11d951bce","0.9927082498","0.9631953134","0.9412826353","0.352481638","0.007291750199999947","0.029512936400000078","0.02191267809999997","0.5888009973","0.352481638","Earthquake+Tsunami","1.0"
"402388b9-f14c-4402-9ad9-8b0965de0937","0.0","0.0","0.0","0.0","1.0","0.0","0.0","0.0","0.0","Earthquake+Tsunami","0.0"
"1d244334-1aef-4ced-b5f5-6f886a9d0db6","0.9998437483","0.9982136603","0.5498383664","0.0031727789","0.00015625169999999855","0.001630087999999974","0.4483752939000001","0.5466655874999999","0.0031727789","Earthquake+Tsunami","1.0"
"5a051ea9-a0b3-45ee-a283-82512e7b7cb6","0.9998437483","0.9982136603","0.5498383664","0.0031727789","0.00015625169999999855","0.001630087999999974","0.4483752939000001","0.5466655874999999","0.0031727789","Earthquake+Tsunami","1.0"
"51a54596-597b-46f9-8c8b-bc58f1105853","0.9998437483","0.9982136603","0.5498383664","0.0031727789","0.00015625169999999855","0.001630087999999974","0.4483752939000001","0.5466655874999999","0.0031727789","Earthquake+Tsunami","1.0"
"5259ef1f-de9b-4e9e-9cdc-92db831ba1db","0.9998437483","0.9982136603","0.5498383664","0.0031727789","0.00015625169999999855","0.001630087999999974","0.4483752939000001","0.5466655874999999","0.0031727789","Earthquake+Tsunami","1.0"
"86868c5c-e7cc-4a04-9304-283d7ddae6c8","0.9998437483","0.9982136603","0.5498383664","0.0031727789","0.00015625169999999855","0.001630087999999974","0.4483752939000001","0.5466655874999999","0.0031727789","Earthquake+Tsunami","1.0"
"c564f93d-02b9-4ebb-b88b-b89baf7b2286","0.9998437483","0.9982136603","0.5498383664","0.0031727789","0.00015625169999999855","0.001630087999999974","0.4483752939000001","0.5466655874999999","0.0031727789","Earthquake+Tsunami","1.0"
"dfe4c048-b4a4-43b2-88ed-59693417470f","0.9998437483","0.9982136603","0.5498383664","0.0031727789","0.00015625169999999855","0.001630087999999974","0.4483752939000001","0.5466655874999999","0.0031727789","Earthquake+Tsunami","1.0"
"9f87abfd-23fb-4734-97f5-d1213c7a38c2","0.9998437483","0.9982136603","0.5498383664","0.0031727789","0.00015625169999999855","0.001630087999999974","0.4483752939000001","0.5466655874999999","0.0031727789","Earthquake+Tsunami","1.0"
"26ac997a-efa0-406b-86a7-c20575b17528","0.9998437483","0.9982136603","0.5498383664","0.0031727789","0.00015625169999999855","0.001630087999999974","0.4483752939000001","0.5466655874999999","0.0031727789","Earthquake+Tsunami","1.0"
"c1562af7-eb87-4c90-9251-ace5a53540aa","0.9998628352","0.9984404014","0.5719799662","0.0037565147","0.00013716480000003362","0.001422433799999956","0.4264604352","0.5682234515","0.0037565147","Earthquake+Tsunami","1.0"
"67d05d7b-5f8c-4752-9e42-19a6fe6d6dee","0.9998437483","0.9982136603","0.5498383664","0.0031727789","0.00015625169999999855","0.001630087999999974","0.4483752939000001","0.5466655874999999","0.0031727789","Earthquake+Tsunami","1.0"
"00bfec18-7b78-46b8-9899-d48104107c72","0.9998437483","0.9982136603","0.5498383664","0.0031727789","0.00015625169999999855","0.001630087999999974","0.4483752939000001","0.5466655874999999","0.0031727789","Earthquake+Tsunami","1.0"
"9b38bb0c-a2e9-4068-90e8-4bf0479b3a9e","0.9998437483","0.9982136603","0.5498383664","0.0031727789","0.00015625169999999855","0.001630087999999974","0.4483752939000001","0.5466655874999999","0.0031727789","Earthquake+Tsunami","1.0"
"d2dd8cb5-bf01-4539-9b3c-d9b7e17b4ffb","0.9998628352","0.9984404014","0.5719799662","0.0037565147","0.00013716480000003362","0.001422433799999956","0.4264604352","0.5682234515","0.0037565147","Earthquake+Tsunami","1.0"
"b5d4e890-3b47-485e-92cb-b6d345466a16","0.0","0.0","0.0","0.0","1.0","0.0","0.0","0.0","0.0","Earthquake+Tsunami","0.0"
"a07d1e47-2f22-46bd-93d1-a7ee8a5d9e62","0.0","0.0","0.0","0.0","1.0","0.0","0.0","0.0","0.0","Earthquake+Tsunami","0.0"
"4b89c33a-a92a-4f63-9be3-ca822e71125b","0.0","0.0","0.0","0.0","1.0","0.0","0.0","0.0","0.0","Earthquake+Tsunami","0.0"
"88f86b5b-4b9a-4984-abd1-a0f46c66b74e","0.9998628352","0.9984404014","0.5719799662","0.0037565147","0.00013716480000003362","0.001422433799999956","0.4264604352","0.5682234515","0.0037565147","Earthquake+Tsunami","1.0"
"fea2341d-299c-4a73-a38a-e0d9c55ee522","0.9998718373584281","0.9985337631779462","0.572002070564565","0.0037565236779305337","0.00012816264157189394","0.0013380741804819296","0.4265316926133812","0.5682455468866344","0.0037565236779305337","Earthquake+Tsunami","1.0"
"b0dfca73-57a1-4843-b0f3-1d529bb841cb","0.9999515525","0.9994819376","0.7305474382","0.0125404992","4.844749999999287e-05","0.0004696148999999705","0.2689344994","0.718006939","0.0125404992","Earthquake+Tsunami","1.0"
"01ce4ff5-0c95-4629-9df7-8454af9e81e8","0.9999515525","0.9994819376","0.7305474382","0.0125404992","4.844749999999287e-05","0.0004696148999999705","0.2689344994","0.718006939","0.0125404992","Earthquake+Tsunami","1.0"
"341199cd-d3e3-4bad-9aef-5afa32e1d50a","0.9998628352","0.9984404014","0.5719799662","0.0037565147","0.00013716480000003362","0.001422433799999956","0.4264604352","0.5682234515","0.0037565147","Earthquake+Tsunami","1.0"
"3e6dde4f-7e2a-4259-8a08-aa5a7469bd70","0.9999999999982268","0.9999999367508209","0.999603915885262","0.8392286202232485","1.7732482149313e-12","6.324740586816091e-08","0.00039602086555889926","0.16037529566201347","0.8392286202232485","Earthquake+Tsunami","1.0"
"591f8aab-5a64-46cd-8235-29866d6aabe9","0.9999515525","0.9994819376","0.7305474382","0.0125404992","4.844749999999287e-05","0.0004696148999999705","0.2689344994","0.718006939","0.0125404992","Earthquake+Tsunami","1.0"
"fa6dd154-65f6-4e5c-a03c-cb5b8deca3b9","0.9999999999945157","0.9999998775005312","0.9992557791836579","0.7907492070255895","5.484279697043348e-12","1.224939845112516e-07","0.0007440983168732762","0.20850657215806845","0.7907492070255895","Earthquake+Tsunami","1.0"
"66e9010b-b26b-463d-9320-074d866d0f76","0.9999515525","0.9994819376","0.7305474382","0.0125404992","4.844749999999287e-05","0.0004696148999999705","0.2689344994","0.718006939","0.0125404992","Earthquake+Tsunami","1.0"
"12f97fc8-b7b5-4a83-b2ea-ea81bde3f6e9","0.9999999994759192","0.9999985209966824","0.9916050015059671","0.49296895668254076","5.240807787743051e-10","1.4784792368160993e-06","0.008393519490715318","0.4986360448234263","0.49296895668254076","Earthquake+Tsunami","1.0"
"584f8368-c4ac-42bd-a39a-230517a5e13e","0.9999999925851053","0.9999946971086977","0.9706202439126264","0.277071225143024","7.414894698243302e-09","5.295476407596311e-06","0.02937445319607135","0.6935490187696023","0.277071225143024","Earthquake+Tsunami","1.0"
"3b636a87-94c9-46a6-b656-d9d29af97342","0.9999996441662509","0.9999539528751159","0.8562583973765147","0.06900732123626738","3.558337491327279e-07","4.569129113496384e-05","0.14369555549860125","0.7872510761402473","0.06900732123626738","Earthquake+Tsunami","1.0"
"a4df5736-a1cb-4f7a-9de5-d8cef9cabce1","0.9999053738681243","0.9988818213167457","0.5728602483269906","0.003758286023822822","9.462613187571911e-05","0.001023552551378537","0.4260215729897552","0.5691019623031678","0.003758286023822822","Earthquake+Tsunami","1.0"
"e08a5fdf-41fc-404e-926b-3236ed4d0789","0.9999956280841902","0.9998684794709174","0.7078458968065156","0.012288340329889583","4.371915809819882e-06","0.00012714861327278726","0.29202258266440184","0.695557556476626","0.012288340329889583","Earthquake+Tsunami","1.0"
"5e7f3e17-45a3-4028-85f1-b4ebd83303f3","0.9999869986964608","0.9997610683350632","0.6455978612241462","0.006029366055051974","1.3001303539206255e-05","0.00022593036139761935","0.354163207110917","0.6395684951690942","0.006029366055051974","Earthquake+Tsunami","1.0"
"f92053b0-8253-4fa0-81f6-95da43171706","0.999981468577128","0.9996992693550188","0.6293713201648474","0.005226404828288492","1.853142287200349e-05","0.0002821992221091474","0.3703279491901714","0.6241449153365589","0.005226404828288492","Earthquake+Tsunami","1.0"
"430c0e75-7a27-41ac-b193-2fe1f0145cfe","0.9999869986964608","0.9997610683350632","0.6455978612241462","0.006029366055051974","1.3001303539206255e-05","0.00022593036139761935","0.354163207110917","0.6395684951690942","0.006029366055051974","Earthquake+Tsunami","1.0"
"237c409d-b318-44b8-8ca6-a1e18ae2f9bd","0.9999978916803931","0.9999055107646349","0.7539717941966958","0.021452938263545954","2.108319606897169e-06","9.238091575825003e-05","0.24593371656793905","0.7325188559331498","0.021452938263545954","Earthquake+Tsunami","1.0"
"31e6b71f-937e-48bf-9afe-388beb0929c8","0.9999985320015605","0.9999188397696499","0.7766246270671033","0.02799419284408164","1.4679984394749823e-06","7.969223191062191e-05","0.22329421270254657","0.7486304342230217","0.02799419284408164","Earthquake+Tsunami","1.0"
"e08018f4-dcac-4b3f-8d3b-d1f18d443d14","0.9999936999310378","0.999841971501952","0.6854999615505865","0.009378157847919375","6.300068962183936e-06","0.00015172842908584006","0.3143420099513655","0.6761218037026671","0.009378157847919375","Earthquake+Tsunami","1.0"
"7f94579e-7b96-441d-a068-ee81f7e0cd36","0.9999992822201602","0.9999391850021007","0.8190873942134455","0.04546869458617092","7.177798397872692e-07","6.0097218059551594e-05","0.1808517907886552","0.7736186996272745","0.04546869458617092","Earthquake+Tsunami","1.0"
"335b3081-6fc1-4b6c-94b1-3042429c68af","0.9999998208508037","0.999965032271469","0.8874550575910601","0.09838666313736166","1.791491962555014e-07","3.4788579334699143e-05","0.11250997468040891","0.7890683944536985","0.09838666313736166","Earthquake+Tsunami","1.0"
"c0c736b8-3178-4ddf-a85f-fd71d0357489","0.9999994955555335","0.9999471197184536","0.8384024060095163","0.056482223339550344","5.044444665314174e-07","5.237583707984328e-05","0.1615447137089373","0.781920182669966","0.056482223339550344","Earthquake+Tsunami","1.0"
"7e5cdbbe-0541-4d7e-9668-1e08b17ee5df","0.9999448337","0.9994045817","0.7128914137","0.0109306004","5.516630000002021e-05","0.0005402519999999633","0.28651316800000004","0.7019608132999999","0.0109306004","Earthquake+Tsunami","1.0"
"fa9ef8bd-115f-488e-97cd-518ba7054253","0.9999448337","0.9994045817","0.7128914137","0.0109306004","5.516630000002021e-05","0.0005402519999999633","0.28651316800000004","0.7019608132999999","0.0109306004","Earthquake+Tsunami","1.0"
"579d0924-c727-449d-b5ac-a7b831abf23b","0.9999448337","0.9994045817","0.7128914137","0.0109306004","5.516630000002021e-05","0.0005402519999999633","0.28651316800000004","0.7019608132999999","0.0109306004","Earthquake+Tsunami","1.0"
"8e7b13e3-f301-480b-9fb2-84770bd88ea1","0.9999448337","0.9994045817","0.7128914137","0.0109306004","5.516630000002021e-05","0.0005402519999999633","0.28651316800000004","0.7019608132999999","0.0109306004","Earthquake+Tsunami","1.0"
"6e511c55-eb8d-44a4-92bf-33cf3d603d96","0.9999448337","0.9994045817","0.7128914137","0.0109306004","5.516630000002021e-05","0.0005402519999999633","0.28651316800000004","0.7019608132999999","0.0109306004","Earthquake+Tsunami","1.0"
"52ff9834-ee38-4044-a541-6a9b3da43840","0.9999448337","0.9994045817","0.7128914137","0.0109306004","5.516630000002021e-05","0.0005402519999999633","0.28651316800000004","0.7019608132999999","0.0109306004","Earthquake+Tsunami","1.0"
"9dc98d6f-11fa-44f3-8b38-7faef160192f","0.9999448337","0.9994045817","0.7128914137","0.0109306004","5.516630000002021e-05","0.0005402519999999633","0.28651316800000004","0.7019608132999999","0.0109306004","Earthquake+Tsunami","1.0"
"f0443445-4d18-43fa-ac33-708a37b69d4e","0.9999455469133445","0.9994115664231417","0.7128920158934956","0.010930600540392164","5.445308665552595e-05","0.0005339804902028122","0.28651955052964606","0.7019614153531034","0.010930600540392164","Earthquake+Tsunami","1.0"
"f949ea84-2418-4ca5-8107-e3b17250196e","0.9999455469133445","0.9994115664231417","0.7128920158934956","0.010930600540392164","5.445308665552595e-05","0.0005339804902028122","0.28651955052964606","0.7019614153531034","0.010930600540392164","Earthquake+Tsunami","1.0"
"d762515e-bc47-4f09-9bca-375537b896b5","0.9998718373584281","0.9985337631779462","0.572002070564565","0.0037565236779305337","0.00012816264157189394","0.0013380741804819296","0.4265316926133812","0.5682455468866344","0.0037565236779305337","Earthquake+Tsunami","1.0"
"f5ce1253-cb21-4b37-b924-dbb6aa5b0b24","0.9999665774344144","0.9996276784113464","0.7311025603102848","0.012542733156098844","3.342256558558354e-05","0.0003388990230680511","0.2685251181010616","0.7185598271541859","0.012542733156098844","Earthquake+Tsunami","1.0"
"76ee4416-d7f1-4650-a7fd-3a9c0e77e034","0.9999598238601719","0.9995621356576606","0.7306667627239378","0.012540733853862708","4.0176139828096424e-05","0.00039768820251129267","0.2688953729337228","0.7181260288700752","0.012540733853862708","Earthquake+Tsunami","1.0"
"1678e075-5d74-4faf-ae7c-7a931e14494e","0.9998718373584281","0.9985337631779462","0.572002070564565","0.0037565236779305337","0.00012816264157189394","0.0013380741804819296","0.4265316926133812","0.5682455468866344","0.0037565236779305337","Earthquake+Tsunami","1.0"
"1d4863c6-325a-4ad7-8247-74e3f540d0ee","0.9999053738681243","0.9988818213167457","0.5728602483269906","0.003758286023822822","9.462613187571911e-05","0.001023552551378537","0.4260215729897552","0.5691019623031678","0.003758286023822822","Earthquake+Tsunami","1.0"
"7c23d476-1b96-4b7d-80f3-6beb6b1c17f5","0.9998718373584281","0.9985337631779462","0.572002070564565","0.0037565236779305337","0.00012816264157189394","0.0013380741804819296","0.4265316926133812","0.5682455468866344","0.0037565236779305337","Earthquake+Tsunami","1.0"
"755d4af2-7bb3-412f-84f0-12850c5de41a","0.9998862531155516","0.9986833119887752","0.5721691842189283","0.003756700638956607","0.00011374688444842906","0.0012029411267763246","0.426514127769847","0.5684124835799717","0.003756700638956607","Earthquake+Tsunami","1.0"
"3ff37bae-7c58-459c-82ab-8c348362546a","0.9998862531155516","0.9986833119887752","0.5721691842189283","0.003756700638956607","0.00011374688444842906","0.0012029411267763246","0.426514127769847","0.5684124835799717","0.003756700638956607","Earthquake+Tsunami","1.0"
"982f6ed5-163b-4635-b3f3-efba616f7dd9","0.9998862531155516","0.9986833119887752","0.5721691842189283","0.003756700638956607","0.00011374688444842906","0.0012029411267763246","0.426514127769847","0.5684124835799717","0.003756700638956607","Earthquake+Tsunami","1.0"
"acd734d3-a6c5-4f6c-8a54-5b209fc2303d","0.9998628352","0.9984404014","0.5719799662","0.0037565147","0.00013716480000003362","0.001422433799999956","0.4264604352","0.5682234515","0.0037565147","Earthquake+Tsunami","1.0"
"3332c904-0968-462b-94ea-936e53570eb1","0.9999909341556323","0.9998072390173738","0.6645182742645813","0.007353399023512704","9.065844367661668e-06","0.000183695138258555","0.33528896475279246","0.6571648752410686","0.007353399023512704","Earthquake+Tsunami","1.0"
"3fa1fd09-f4af-4448-afe7-ef97f274d649","0.9999978916803931","0.9999055107646349","0.7539717941966958","0.021452938263545954","2.108319606897169e-06","9.238091575825003e-05","0.24593371656793905","0.7325188559331498","0.021452938263545954","Earthquake+Tsunami","1.0"
"e6e16a07-6c9b-4f88-aa60-9661f6685577","0.9999909341556323","0.9998072390173738","0.6645182742645813","0.007353399023512704","9.065844367661668e-06","0.000183695138258555","0.33528896475279246","0.6571648752410686","0.007353399023512704","Earthquake+Tsunami","1.0"
"60810fef-417e-4abe-a7d1-d856bc0a3829","0.999981468577128","0.9996992693550188","0.6293713201648474","0.005226404828288492","1.853142287200349e-05","0.0002821992221091474","0.3703279491901714","0.6241449153365589","0.005226404828288492","Earthquake+Tsunami","1.0"
"29849e52-104e-47a9-a380-c453f8661d1a","0.9999985320015605","0.9999188397696499","0.7766246270671033","0.02799419284408164","1.4679984394749823e-06","7.969223191062191e-05","0.22329421270254657","0.7486304342230217","0.02799419284408164","Earthquake+Tsunami","1.0"
"de4bf424-96a4-439a-8683-d790676bc7fa","0.9999985320015605","0.9999188397696499","0.7766246270671033","0.02799419284408164","1.4679984394749823e-06","7.969223191062191e-05","0.22329421270254657","0.7486304342230217","0.02799419284408164","Earthquake+Tsunami","1.0"
"606288ba-d649-448c-ae00-e2c091b91d65","0.9999992822201602","0.9999391850021007","0.8190873942134455","0.04546869458617092","7.177798397872692e-07","6.0097218059551594e-05","0.1808517907886552","0.7736186996272745","0.04546869458617092","Earthquake+Tsunami","1.0"
"96fe4d67-a1bb-4438-8794-ee684b73c665","0.9999909341556323","0.9998072390173738","0.6645182742645813","0.007353399023512704","9.065844367661668e-06","0.000183695138258555","0.33528896475279246","0.6571648752410686","0.007353399023512704","Earthquake+Tsunami","1.0"
"079fdc61-361d-4d01-a0b1-67f3c468ab3c","0.9999992822201602","0.9999391850021007","0.8190873942134455","0.04546869458617092","7.177798397872692e-07","6.0097218059551594e-05","0.1808517907886552","0.7736186996272745","0.04546869458617092","Earthquake+Tsunami","1.0"
"4e588b62-d5dd-4bd9-9ca2-c16f467e361c","0.9999956280841902","0.9998684794709174","0.7078458968065156","0.012288340329889583","4.371915809819882e-06","0.00012714861327278726","0.29202258266440184","0.695557556476626","0.012288340329889583","Earthquake+Tsunami","1.0"
"39ff7a72-95b9-459f-b130-ddc87797ba0b","0.9999985320015605","0.9999188397696499","0.7766246270671033","0.02799419284408164","1.4679984394749823e-06","7.969223191062191e-05","0.22329421270254657","0.7486304342230217","0.02799419284408164","Earthquake+Tsunami","1.0"
"6b53dcf0-3f41-4e93-9e5e-2869c68424ec","0.9999992822201602","0.9999391850021007","0.8190873942134455","0.04546869458617092","7.177798397872692e-07","6.0097218059551594e-05","0.1808517907886552","0.7736186996272745","0.04546869458617092","Earthquake+Tsunami","1.0"
"bf587a56-cb5c-438d-ade2-351ed4507288","0.9999989751100012","0.9999298836694226","0.7984285909948017","0.035979913060205995","1.0248899987574944e-06","6.909144057865024e-05","0.2015012926746209","0.7624486779345957","0.035979913060205995","Earthquake+Tsunami","1.0"
"5252d086-d20c-4471-a22a-2dad75a2f301","0.9999994955555335","0.9999471197184536","0.8384024060095163","0.056482223339550344","5.044444665314174e-07","5.237583707984328e-05","0.1615447137089373","0.781920182669966","0.056482223339550344","Earthquake+Tsunami","1.0"
"61b1c734-a5eb-4c95-a816-0cdc61f6af7d","0.9999978916803931","0.9999055107646349","0.7539717941966958","0.021452938263545954","2.108319606897169e-06","9.238091575825003e-05","0.24593371656793905","0.7325188559331498","0.021452938263545954","Earthquake+Tsunami","1.0"
"675f80c3-67a5-4d7f-b0c9-0e5b58831865","0.9999448337","0.9994045817","0.7128914137","0.0109306004","5.516630000002021e-05","0.0005402519999999633","0.28651316800000004","0.7019608132999999","0.0109306004","Earthquake+Tsunami","1.0"
"ad379955-3950-4b50-b817-cc3bc839840b","0.9999448337","0.9994045817","0.7128914137","0.0109306004","5.516630000002021e-05","0.0005402519999999633","0.28651316800000004","0.7019608132999999","0.0109306004","Earthquake+Tsunami","1.0"
"3d811c32-2bb2-4db9-baca-6137193a5835","0.9999448337","0.9994045817","0.7128914137","0.0109306004","5.516630000002021e-05","0.0005402519999999633","0.28651316800000004","0.7019608132999999","0.0109306004","Earthquake+Tsunami","1.0"
"2a84bcff-6364-4ed6-9647-88964ee7511c","0.9999448337","0.9994045817","0.7128914137","0.0109306004","5.516630000002021e-05","0.0005402519999999633","0.28651316800000004","0.7019608132999999","0.0109306004","Earthquake+Tsunami","1.0"
"920cf668-d28c-434a-8722-60b4b8fff0c8","0.9999515525","0.9994819376","0.7305474382","0.0125404992","4.844749999999287e-05","0.0004696148999999705","0.2689344994","0.718006939","0.0125404992","Earthquake+Tsunami","1.0"
"06135a23-fb15-4cb3-b932-b599db0a2501","0.9998646085247608","0.9984587915162826","0.5719808625348546","0.0037565148136446905","0.00013539147523922157","0.001405817008478194","0.426477928981428","0.5682243477212099","0.0037565148136446905","Earthquake+Tsunami","1.0"
"d5f6a2a3-1572-4b4b-b300-f1a53a17805b","0.9999998721135968","0.9999695319953155","0.9008442430929271","0.11507579613472514","1.2788640324501444e-07","3.034011828129124e-05","0.09912528890238836","0.7857684469582019","0.11507579613472514","Earthquake+Tsunami","1.0"
"1d9d6196-8b50-4828-b6a4-a1783bba76a0","0.9999985320015605","0.9999188397696499","0.7766246270671033","0.02799419284408164","1.4679984394749823e-06","7.969223191062191e-05","0.22329421270254657","0.7486304342230217","0.02799419284408164","Earthquake+Tsunami","1.0"
"4ee46b4e-f2f1-48ec-af0f-a2da810eba0f","0.9999978916803931","0.9999055107646349","0.7539717941966958","0.021452938263545954","2.108319606897169e-06","9.238091575825003e-05","0.24593371656793905","0.7325188559331498","0.021452938263545954","Earthquake+Tsunami","1.0"
"127882ad-6c96-41cf-9103-4e0b09f839c7","0.9999989751100012","0.9999298836694226","0.7984285909948017","0.035979913060205995","1.0248899987574944e-06","6.909144057865024e-05","0.2015012926746209","0.7624486779345957","0.035979913060205995","Earthquake+Tsunami","1.0"
"b44625ba-23c4-4138-b885-2f1fe8ede85a","0.9999985320015605","0.9999188397696499","0.7766246270671033","0.02799419284408164","1.4679984394749823e-06","7.969223191062191e-05","0.22329421270254657","0.7486304342230217","0.02799419284408164","Earthquake+Tsunami","1.0"
"0a3213a0-3c71-4f1f-80a4-aa1540472c14","0.9999448337","0.9994045817","0.7128914137","0.0109306004","5.516630000002021e-05","0.0005402519999999633","0.28651316800000004","0.7019608132999999","0.0109306004","Earthquake+Tsunami","1.0"
"ad1e7b99-cb58-4ca1-b7c3-dc8515ec0ddd","0.9999515525","0.9994819376","0.7305474382","0.0125404992","4.844749999999287e-05","0.0004696148999999705","0.2689344994","0.718006939","0.0125404992","Earthquake+Tsunami","1.0"
"4b7f529f-ebeb-4e19-94bf-9a9fe51408ef","0.9999515525","0.9994819376","0.7305474382","0.0125404992","4.844749999999287e-05","0.0004696148999999705","0.2689344994","0.718006939","0.0125404992","Earthquake+Tsunami","1.0"
"0c34e98c-d8e8-4776-8c26-06d5c1fe4c15","0.9999515525","0.9994819376","0.7305474382","0.0125404992","4.844749999999287e-05","0.0004696148999999705","0.2689344994","0.718006939","0.0125404992","Earthquake+Tsunami","1.0"
"3627b630-d572-45b9-bbca-0b0c3b9d33ed","0.9998628352","0.9984404014","0.5719799662","0.0037565147","0.00013716480000003362","0.001422433799999956","0.4264604352","0.5682234515","0.0037565147","Earthquake+Tsunami","1.0"
"31d76e60-0fe4-473b-bebc-2931e9ffee02","0.9998646085247608","0.9984587915162826","0.5719808625348546","0.0037565148136446905","0.00013539147523922157","0.001405817008478194","0.426477928981428","0.5682243477212099","0.0037565148136446905","Earthquake+Tsunami","1.0"
"5a5d33c8-5340-4f25-829d-c65af57f6c14","0.9998862531155516","0.9986833119887752","0.5721691842189283","0.003756700638956607","0.00011374688444842906","0.0012029411267763246","0.426514127769847","0.5684124835799717","0.003756700638956607","Earthquake+Tsunami","1.0"
"9f15b2d2-033f-4fc7-a7d7-114af8dba837","0.9999999864694658","0.9999885465286955","0.9610944491786357","0.25805871105623374","1.3530534248573645e-08","1.1439940770241463e-05","0.038894097350059775","0.7030357381224019","0.25805871105623374","Earthquake+Tsunami","1.0"
"48341b31-24fe-4e08-8046-3294ff6420bc","0.9999985320015605","0.9999188397696499","0.7766246270671033","0.02799419284408164","1.4679984394749823e-06","7.969223191062191e-05","0.22329421270254657","0.7486304342230217","0.02799419284408164","Earthquake+Tsunami","1.0"
"6786d4cf-5b36-48e6-adad-77e1ae93f23f","0.9999994955555335","0.9999471197184536","0.8384024060095163","0.056482223339550344","5.044444665314174e-07","5.237583707984328e-05","0.1615447137089373","0.781920182669966","0.056482223339550344","Earthquake+Tsunami","1.0"
"315cab9d-11db-4b34-89e8-5111e6324ea2","0.9999869986964608","0.9997610683350632","0.6455978612241462","0.006029366055051974","1.3001303539206255e-05","0.00022593036139761935","0.354163207110917","0.6395684951690942","0.006029366055051974","Earthquake+Tsunami","1.0"
"314d0d4b-7276-41d6-b3bc-ca9e06357e78","0.9999969658308994","0.9998891069854423","0.7308741721437038","0.016260765072930707","3.0341691006352534e-06","0.00010785884545705393","0.26901493484173855","0.714613407070773","0.016260765072930707","Earthquake+Tsunami","1.0"
"7ab8c6c1-ec99-492a-87cf-e20296a3ff9a","0.9999998721135968","0.9999695319953155","0.9008442430929271","0.11507579613472514","1.2788640324501444e-07","3.034011828129124e-05","0.09912528890238836","0.7857684469582019","0.11507579613472514","Earthquake+Tsunami","1.0"
"adb46051-da56-472e-964d-467a167f19df","0.9999998208508037","0.999965032271469","0.8874550575910601","0.09838666313736166","1.791491962555014e-07","3.4788579334699143e-05","0.11250997468040891","0.7890683944536985","0.09838666313736166","Earthquake+Tsunami","1.0"
"6b3aa6c0-dbc0-4ccd-9e44-5aaf7eb53bbb","0.9999371784","0.9993159276","0.6945590407","0.0094929573","6.282160000004033e-05","0.0006212507999999728","0.3047568869","0.6850660834","0.0094929573","Earthquake+Tsunami","1.0"
"99d2fb48-9305-4ee7-8767-389e8ac9c6fa","0.9999371784","0.9993159276","0.6945590407","0.0094929573","6.282160000004033e-05","0.0006212507999999728","0.3047568869","0.6850660834","0.0094929573","Earthquake+Tsunami","1.0"
"d34be7e8-b68c-40b9-b2d0-8a0706df91cc","0.9999448337","0.9994045817","0.7128914137","0.0109306004","5.516630000002021e-05","0.0005402519999999633","0.28651316800000004","0.7019608132999999","0.0109306004","Earthquake+Tsunami","1.0"
"d922fa73-9e25-4239-b846-1623a3c2950d","0.9999448337","0.9994045817","0.7128914137","0.0109306004","5.516630000002021e-05","0.0005402519999999633","0.28651316800000004","0.7019608132999999","0.0109306004","Earthquake+Tsunami","1.0"
"77aa9bfb-a4ba-4d70-9725-9f6b6ceb2d77","0.9999448337","0.9994045817","0.7128914137","0.0109306004","5.516630000002021e-05","0.0005402519999999633","0.28651316800000004","0.7019608132999999","0.0109306004","Earthquake+Tsunami","1.0"
"0d268d61-1733-48ee-bab9-8126b3609522","0.9999448337","0.9994045817","0.7128914137","0.0109306004","5.516630000002021e-05","0.0005402519999999633","0.28651316800000004","0.7019608132999999","0.0109306004","Earthquake+Tsunami","1.0"
"e044c98c-df20-42ac-a068-dfc1cd12999a","0.9999448337","0.9994045817","0.7128914137","0.0109306004","5.516630000002021e-05","0.0005402519999999633","0.28651316800000004","0.7019608132999999","0.0109306004","Earthquake+Tsunami","1.0"
"8a6189e8-b4b3-4593-89a7-67f4bf2a96e7","0.9999448337","0.9994045817","0.7128914137","0.0109306004","5.516630000002021e-05","0.0005402519999999633","0.28651316800000004","0.7019608132999999","0.0109306004","Earthquake+Tsunami","1.0"
"2ce37060-3ce0-49c7-a5eb-26ea0fb40eb3","0.9999448337","0.9994045817","0.7128914137","0.0109306004","5.516630000002021e-05","0.0005402519999999633","0.28651316800000004","0.7019608132999999","0.0109306004","Earthquake+Tsunami","1.0"
"f6b10d96-b652-44cb-84f9-36eb794b8542","0.9999448337","0.9994045817","0.7128914137","0.0109306004","5.516630000002021e-05","0.0005402519999999633","0.28651316800000004","0.7019608132999999","0.0109306004","Earthquake+Tsunami","1.0"
"bbfcd1b0-f84a-4e6e-8a12-e4c0cd2f9436","0.9999448337","0.9994045817","0.7128914137","0.0109306004","5.516630000002021e-05","0.0005402519999999633","0.28651316800000004","0.7019608132999999","0.0109306004","Earthquake+Tsunami","1.0"
"a95cb7a6-2bd5-4ab1-86aa-a3e0f6848ac5","0.9999448337","0.9994045817","0.7128914137","0.0109306004","5.516630000002021e-05","0.0005402519999999633","0.28651316800000004","0.7019608132999999","0.0109306004","Earthquake+Tsunami","1.0"
"b0c8353e-8c13-404c-9aa6-789a58305720","0.9999515525","0.9994819376","0.7305474382","0.0125404992","4.844749999999287e-05","0.0004696148999999705","0.2689344994","0.718006939","0.0125404992","Earthquake+Tsunami","1.0"
"ddc27b34-fda7-4ac6-9d45-3c6bddf36e55","0.9999515525","0.9994819376","0.7305474382","0.0125404992","4.844749999999287e-05","0.0004696148999999705","0.2689344994","0.718006939","0.0125404992","Earthquake+Tsunami","1.0"
"2f2ca5e1-43e9-4461-bd41-2d9cc5783af0","0.9999515525","0.9994819376","0.7305474382","0.0125404992","4.844749999999287e-05","0.0004696148999999705","0.2689344994","0.718006939","0.0125404992","Earthquake+Tsunami","1.0"
"f2aa94e7-f76a-4189-8972-93a09a647c42","0.9998628352","0.9984404014","0.5719799662","0.0037565147","0.00013716480000003362","0.001422433799999956","0.4264604352","0.5682234515","0.0037565147","Earthquake+Tsunami","1.0"
"a17a5de2-f648-4a7a-a6c7-b712598e993e","0.9999515525","0.9994819376","0.7305474382","0.0125404992","4.844749999999287e-05","0.0004696148999999705","0.2689344994","0.718006939","0.0125404992","Earthquake+Tsunami","1.0"
"5c38bf3b-b0b3-42eb-8677-60c906c3027b","0.9998628352","0.9984404014","0.5719799662","0.0037565147","0.00013716480000003362","0.001422433799999956","0.4264604352","0.5682234515","0.0037565147","Earthquake+Tsunami","1.0"
"4abc7484-4dbb-4a5e-9c2a-f3e8c9b6649e","0.9998628352","0.9984404014","0.5719799662","0.0037565147","0.00013716480000003362","0.001422433799999956","0.4264604352","0.5682234515","0.0037565147","Earthquake+Tsunami","1.0"
"869c20a1-92c9-42f2-a6b8-d3a477924df3","0.9998628352","0.9984404014","0.5719799662","0.0037565147","0.00013716480000003362","0.001422433799999956","0.4264604352","0.5682234515","0.0037565147","Earthquake+Tsunami","1.0"
"a62ad1cb-58f9-4bce-903d-23d9abcb5c7a","0.9998628352","0.9984404014","0.5719799662","0.0037565147","0.00013716480000003362","0.001422433799999956","0.4264604352","0.5682234515","0.0037565147","Earthquake+Tsunami","1.0"
"799fe6ea-7b1b-4e13-a9d6-a71fe3166560","0.9998628352","0.9984404014","0.5719799662","0.0037565147","0.00013716480000003362","0.001422433799999956","0.4264604352","0.5682234515","0.0037565147","Earthquake+Tsunami","1.0"
"10e49388-3325-4194-a345-ff1175a1323b","0.9998874900141232","0.9987204561804621","0.593736163975305","0.004428703110726418","0.00011250998587675198","0.0011670338336611241","0.4049842922051571","0.5893074608645786","0.004428703110726418","Earthquake+Tsunami","1.0"
"c6a83296-7c0f-4a6b-9565-043984a80a37","0.9998811440465009","0.9986550706786177","0.593716026969233","0.004428693917857297","0.0001188559534991418","0.0012260733678831626","0.4049390437093847","0.5892873330513757","0.004428693917857297","Earthquake+Tsunami","1.0"
"be6219fe-78d6-4465-90dc-366f53011a43","0.9998874900141232","0.9987204561804621","0.593736163975305","0.004428703110726418","0.00011250998587675198","0.0011670338336611241","0.4049842922051571","0.5893074608645786","0.004428703110726418","Earthquake+Tsunami","1.0"
"ee612fed-bf62-419c-a70f-d18e2501e68e","0.999999952325144","0.9999799029405777","0.9330514158207688","0.1717931546142703","4.7674855951918005e-08","2.0049384566345196e-05","0.06692848711980892","0.7612582612064984","0.1717931546142703","Earthquake+Tsunami","1.0"
"45ebab85-d2df-4b94-b15c-1c6454b7c95b","0.9999999815708241","0.9999868088254106","0.9553804379749342","0.2357478385857057","1.8429175852041624e-08","1.3172745413569942e-05","0.04460637085047636","0.7196325993892285","0.2357478385857057","Earthquake+Tsunami","1.0"
"9180fac1-9daa-4958-8410-2c42c0a39cd9","0.9999738425515817","0.9996168173547041","0.616307000708092","0.004782629499341252","2.615744841827361e-05","0.0003570251968776361","0.3833098166466121","0.6115243712087507","0.004782629499341252","Earthquake+Tsunami","1.0"
"12ccfe49-c908-4fde-b3aa-ada9a42ceffd","0.9999869986964608","0.9997610683350632","0.6455978612241462","0.006029366055051974","1.3001303539206255e-05","0.00022593036139761935","0.354163207110917","0.6395684951690942","0.006029366055051974","Earthquake+Tsunami","1.0"
"90cd1d14-013c-446c-8577-61694daabdcc","0.9999936999310378","0.999841971501952","0.6854999615505865","0.009378157847919375","6.300068962183936e-06","0.00015172842908584006","0.3143420099513655","0.6761218037026671","0.009378157847919375","Earthquake+Tsunami","1.0"
"7486a5d4-cfa3-4dd5-b12a-b6424968ab56","0.9999636151464888","0.9995085642765682","0.6066050148213179","0.0045642800304831555","3.638485351120657e-05","0.0004550508699205924","0.3929035494552503","0.6020407347908348","0.0045642800304831555","Earthquake+Tsunami","1.0"
"5afe8382-d921-437a-8d18-1022c0e96fd1","0.9999909341556323","0.9998072390173738","0.6645182742645813","0.007353399023512704","9.065844367661668e-06","0.000183695138258555","0.33528896475279246","0.6571648752410686","0.007353399023512704","Earthquake+Tsunami","1.0"
"d367ec6b-ac97-4a9b-83c1-8448ab40d587","0.9999956280841902","0.9998684794709174","0.7078458968065156","0.012288340329889583","4.371915809819882e-06","0.00012714861327278726","0.29202258266440184","0.695557556476626","0.012288340329889583","Earthquake+Tsunami","1.0"
"430723c6-7146-441f-840f-57c43fd0a56d","0.9999956280841902","0.9998684794709174","0.7078458968065156","0.012288340329889583","4.371915809819882e-06","0.00012714861327278726","0.29202258266440184","0.695557556476626","0.012288340329889583","Earthquake+Tsunami","1.0"
"a0d33357-075b-45ab-ae3d-cbda32c3b1a6","0.9999999340273146","0.9999769000554972","0.9235489815827789","0.15190548495065234","6.597268542574142e-08","2.303397181735445e-05","0.07642791847271835","0.7716434966321265","0.15190548495065234","Earthquake+Tsunami","1.0"
"0e0e08b8-8c8e-4bc3-ae50-c07c10ec132d","0.9999999340273146","0.9999769000554972","0.9235489815827789","0.15190548495065234","6.597268542574142e-08","2.303397181735445e-05","0.07642791847271835","0.7716434966321265","0.15190548495065234","Earthquake+Tsunami","1.0"
"1f7ff833-5a68-4396-ac1a-165a081d3a4f","0.9999448337","0.9994045817","0.7128914137","0.0109306004","5.516630000002021e-05","0.0005402519999999633","0.28651316800000004","0.7019608132999999","0.0109306004","Earthquake+Tsunami","1.0"
"314d998b-a0b1-4f4e-a9f3-ae3865fcd135","0.9999448337","0.9994045817","0.7128914137","0.0109306004","5.516630000002021e-05","0.0005402519999999633","0.28651316800000004","0.7019608132999999","0.0109306004","Earthquake+Tsunami","1.0"
"01b40e3e-3208-4231-9819-54995631368d","0.9999448337","0.9994045817","0.7128914137","0.0109306004","5.516630000002021e-05","0.0005402519999999633","0.28651316800000004","0.7019608132999999","0.0109306004","Earthquake+Tsunami","1.0"
"243e75da-bfc3-4c2d-9547-8b7bdad2c15b","0.9999448337","0.9994045817","0.7128914137","0.0109306004","5.516630000002021e-05","0.0005402519999999633","0.28651316800000004","0.7019608132999999","0.0109306004","Earthquake+Tsunami","1.0"
"ef5c3c49-632a-4fb0-ac5d-bdf336aeb227","0.9999515525","0.9994819376","0.7305474382","0.0125404992","4.844749999999287e-05","0.0004696148999999705","0.2689344994","0.718006939","0.0125404992","Earthquake+Tsunami","1.0"
"e04ba792-ef98-4b22-9ff2-b5e51bd3ae0f","0.9999515525","0.9994819376","0.7305474382","0.0125404992","4.844749999999287e-05","0.0004696148999999705","0.2689344994","0.718006939","0.0125404992","Earthquake+Tsunami","1.0"
"8354a496-522a-470d-b4ed-43df05b8bbc0","0.9998795873","0.998639032","0.5937151759","0.0044286938","0.00012041269999996107","0.0012405553000000014","0.40492385610000003","0.5892864821","0.0044286938","Earthquake+Tsunami","1.0"
"9a03530e-d575-478c-a23e-ad1e4fa194c5","0.9998795873","0.998639032","0.5937151759","0.0044286938","0.00012041269999996107","0.0012405553000000014","0.40492385610000003","0.5892864821","0.0044286938","Earthquake+Tsunami","1.0"
"5008bc70-3c9c-406f-b085-1df23de94d36","0.9998811440465009","0.9986550706786177","0.593716026969233","0.004428693917857297","0.0001188559534991418","0.0012260733678831626","0.4049390437093847","0.5892873330513757","0.004428693917857297","Earthquake+Tsunami","1.0"
"9da5186d-0cf5-4e79-9707-6ec50247fd11","0.9999985320015605","0.9999188397696499","0.7766246270671033","0.02799419284408164","1.4679984394749823e-06","7.969223191062191e-05","0.22329421270254657","0.7486304342230217","0.02799419284408164","Earthquake+Tsunami","1.0"
"25375c22-21a7-4fd5-ba41-9ab54a405caf","0.9999989751100012","0.9999298836694226","0.7984285909948017","0.035979913060205995","1.0248899987574944e-06","6.909144057865024e-05","0.2015012926746209","0.7624486779345957","0.035979913060205995","Earthquake+Tsunami","1.0"
"172b64e9-3c13-4ded-9393-f11d34e997e1","0.9999997480203862","0.9999598760542481","0.8726076415165743","0.08299929960980106","2.5197961384115786e-07","3.987196613808308e-05","0.12735223453767375","0.7896083419067733","0.08299929960980106","Earthquake+Tsunami","1.0"
"47970fd9-dd4c-4bbf-afca-a35630c4021b","0.9999996441662509","0.9999539528751159","0.8562583973765147","0.06900732123626738","3.558337491327279e-07","4.569129113496384e-05","0.14369555549860125","0.7872510761402473","0.06900732123626738","Earthquake+Tsunami","1.0"
"ae5bc571-83a4-4231-97c6-6787053ac5cf","0.9999448337","0.9994045817","0.7128914137","0.0109306004","5.516630000002021e-05","0.0005402519999999633","0.28651316800000004","0.7019608132999999","0.0109306004","Earthquake+Tsunami","1.0"
"f0c2afa7-6b08-4229-a3ac-b7ce22de38a5","0.9999448337","0.9994045817","0.7128914137","0.0109306004","5.516630000002021e-05","0.0005402519999999633","0.28651316800000004","0.7019608132999999","0.0109306004","Earthquake+Tsunami","1.0"
"bd391993-90cc-4058-8485-0d42b2f60586","0.9999448337","0.9994045817","0.7128914137","0.0109306004","5.516630000002021e-05","0.0005402519999999633","0.28651316800000004","0.7019608132999999","0.0109306004","Earthquake+Tsunami","1.0"
"b5a3ed29-adfa-463d-b56a-6b2f2a3e3558","0.9999448337","0.9994045817","0.7128914137","0.0109306004","5.516630000002021e-05","0.0005402519999999633","0.28651316800000004","0.7019608132999999","0.0109306004","Earthquake+Tsunami","1.0"
"7340dc81-7278-4e4e-b4ba-accb5f623cd7","0.9999448337","0.9994045817","0.7128914137","0.0109306004","5.516630000002021e-05","0.0005402519999999633","0.28651316800000004","0.7019608132999999","0.0109306004","Earthquake+Tsunami","1.0"
"7bff1cf4-173b-4691-bada-b2225d98f2c3","0.9999448337","0.9994045817","0.7128914137","0.0109306004","5.516630000002021e-05","0.0005402519999999633","0.28651316800000004","0.7019608132999999","0.0109306004","Earthquake+Tsunami","1.0"
"9ddabe9b-262a-4379-b4ab-9161e0aaa0a2","0.9999448337","0.9994045817","0.7128914137","0.0109306004","5.516630000002021e-05","0.0005402519999999633","0.28651316800000004","0.7019608132999999","0.0109306004","Earthquake+Tsunami","1.0"
"4136f6ea-a96d-4356-b106-4dd1afec7142","0.9999958465420165","0.9999138034739498","0.762987987066177","0.01438317315501354","4.153457983546716e-06","8.204306806669504e-05","0.23692581640777277","0.7486048139111634","0.01438317315501354","Earthquake+Tsunami","1.0"
"0ba197db-403e-4cf5-a22f-9839d376321f","0.9999448337","0.9994045817","0.7128914137","0.0109306004","5.516630000002021e-05","0.0005402519999999633","0.28651316800000004","0.7019608132999999","0.0109306004","Earthquake+Tsunami","1.0"
"c9e2011c-c8fe-4c7c-a45c-9ebb29c358bb","0.9999515525","0.9994819376","0.7305474382","0.0125404992","4.844749999999287e-05","0.0004696148999999705","0.2689344994","0.718006939","0.0125404992","Earthquake+Tsunami","1.0"
"b123aec4-8869-497d-bb2a-6d7c2988c3c7","0.9999515525","0.9994819376","0.7305474382","0.0125404992","4.844749999999287e-05","0.0004696148999999705","0.2689344994","0.718006939","0.0125404992","Earthquake+Tsunami","1.0"
"7e13c179-c499-47eb-b1c6-4ad02372f823","0.9999515525","0.9994819376","0.7305474382","0.0125404992","4.844749999999287e-05","0.0004696148999999705","0.2689344994","0.718006939","0.0125404992","Earthquake+Tsunami","1.0"
"1b4f35c5-0844-40d2-bef5-fdde355d39b8","0.9998795873","0.998639032","0.5937151759","0.0044286938","0.00012041269999996107","0.0012405553000000014","0.40492385610000003","0.5892864821","0.0044286938","Earthquake+Tsunami","1.0"
"37999172-0d57-49f1-bfce-d07b6a04764b","0.9998795873","0.998639032","0.5937151759","0.0044286938","0.00012041269999996107","0.0012405553000000014","0.40492385610000003","0.5892864821","0.0044286938","Earthquake+Tsunami","1.0"
"82aac504-d004-4c07-b481-6758b67bd1ae","0.9998795873","0.998639032","0.5937151759","0.0044286938","0.00012041269999996107","0.0012405553000000014","0.40492385610000003","0.5892864821","0.0044286938","Earthquake+Tsunami","1.0"
"9e1290e5-a56f-4b5c-ac0a-628c3e469aa0","0.9998795873","0.998639032","0.5937151759","0.0044286938","0.00012041269999996107","0.0012405553000000014","0.40492385610000003","0.5892864821","0.0044286938","Earthquake+Tsunami","1.0"
"f48c6181-055b-4d9a-8177-2b182e5f5616","0.9998811440465009","0.9986550706786177","0.593716026969233","0.004428693917857297","0.0001188559534991418","0.0012260733678831626","0.4049390437093847","0.5892873330513757","0.004428693917857297","Earthquake+Tsunami","1.0"
"778b3f83-fab6-4462-aede-6473600d3858","0.9998811440465009","0.9986550706786177","0.593716026969233","0.004428693917857297","0.0001188559534991418","0.0012260733678831626","0.4049390437093847","0.5892873330513757","0.004428693917857297","Earthquake+Tsunami","1.0"
"b0bc3158-fea1-47d3-91e1-369e70c671c0","0.9998795873","0.998639032","0.5937151759","0.0044286938","0.00012041269999996107","0.0012405553000000014","0.40492385610000003","0.5892864821","0.0044286938","Earthquake+Tsunami","1.0"
"3ded5c44-be23-4aa6-a86c-190cdca08c73","0.9998795873","0.998639032","0.5937151759","0.0044286938","0.00012041269999996107","0.0012405553000000014","0.40492385610000003","0.5892864821","0.0044286938","Earthquake+Tsunami","1.0"
"35d9ca70-f4b9-4a21-884e-431ba33aea4f","0.9998811440465009","0.9986550706786177","0.593716026969233","0.004428693917857297","0.0001188559534991418","0.0012260733678831626","0.4049390437093847","0.5892873330513757","0.004428693917857297","Earthquake+Tsunami","0.9"
"20a97001-4f78-441e-8ee5-7c6f50d559af","0.9999345148607148","0.9992057095609032","0.5963542892362359","0.004439265114286433","6.548513928517075e-05","0.0007288052998116745","0.40285142032466725","0.5919150241219495","0.004439265114286433","Earthquake+Tsunami","1.0"
"8aa3065b-d280-42d6-a204-0789eb8a75ee","0.9999345148607148","0.9992057095609032","0.5963542892362359","0.004439265114286433","6.548513928517075e-05","0.0007288052998116745","0.40285142032466725","0.5919150241219495","0.004439265114286433","Earthquake+Tsunami","1.0"
"f86cfe79-ab9b-477f-8748-4fb7c440359b","0.9999169306700428","0.9990240116919534","0.5945510027321017","0.004430530189541734","8.306932995716387e-05","0.0008929189780894076","0.4044730089598517","0.59012047254256","0.004430530189541734","Earthquake+Tsunami","1.0"
"ed887892-0ac7-4c40-a4f2-34f4b7cb76b9","0.9998811440465009","0.9986550706786177","0.593716026969233","0.004428693917857297","0.0001188559534991418","0.0012260733678831626","0.4049390437093847","0.5892873330513757","0.004428693917857297","Earthquake+Tsunami","1.0"
"9fdf0776-073d-487c-a95e-c4952c260373","0.9999636151464888","0.9995085642765682","0.6066050148213179","0.0045642800304831555","3.638485351120657e-05","0.0004550508699205924","0.3929035494552503","0.6020407347908348","0.0045642800304831555","Earthquake+Tsunami","1.0"
"9af6e8c3-fefd-44bc-8afd-779ff37d368c","0.9999999969479594","0.9999943685091955","0.9805033188116397","0.37180498478874985","3.0520406202327877e-09","5.628438763838339e-06","0.019491049697555884","0.6086983340228898","0.37180498478874985","Earthquake+Tsunami","1.0"
"d293ae5b-487e-4b6d-a6b2-6f721e6d7e37","0.9999998208508037","0.999965032271469","0.8874550575910601","0.09838666313736166","1.791491962555014e-07","3.4788579334699143e-05","0.11250997468040891","0.7890683944536985","0.09838666313736166","Earthquake+Tsunami","1.0"
"de5363a5-e709-4e70-92fd-e5299b158dc4","0.9999999654086101","0.999982525405751","0.941456156317173","0.19248535256071908","3.45913898636141e-08","1.7440002859081538e-05","0.058526369088578","0.748970803756454","0.19248535256071908","Earthquake+Tsunami","1.0"
"aec5c141-c3ff-436f-a96b-3f314718b8e0","0.9999997480203862","0.9999598760542481","0.8726076415165743","0.08299929960980106","2.5197961384115786e-07","3.987196613808308e-05","0.12735223453767375","0.7896083419067733","0.08299929960980106","Earthquake+Tsunami","1.0"
"8b0a36e6-ac96-4dbe-ae90-890f76df748c","0.9999969658308994","0.9998891069854423","0.7308741721437038","0.016260765072930707","3.0341691006352534e-06","0.00010785884545705393","0.26901493484173855","0.714613407070773","0.016260765072930707","Earthquake+Tsunami","1.0"
"6ce645e5-b6ee-4456-a1c7-bae8db0b6407","0.9999956280841902","0.9998684794709174","0.7078458968065156","0.012288340329889583","4.371915809819882e-06","0.00012714861327278726","0.29202258266440184","0.695557556476626","0.012288340329889583","Earthquake+Tsunami","1.0"
"8f340e36-89a6-457b-9f14-1644afc70d4f","0.9999978916803931","0.9999055107646349","0.7539717941966958","0.021452938263545954","2.108319606897169e-06","9.238091575825003e-05","0.24593371656793905","0.7325188559331498","0.021452938263545954","Earthquake+Tsunami","1.0"
"92e360e3-577f-46bc-82cd-07766217b43f","0.9999978916803931","0.9999055107646349","0.7539717941966958","0.021452938263545954","2.108319606897169e-06","9.238091575825003e-05","0.24593371656793905","0.7325188559331498","0.021452938263545954","Earthquake+Tsunami","1.0"
"66180832-c373-480a-a89a-24ec01dcfc3b","0.9999978916803931","0.9999055107646349","0.7539717941966958","0.021452938263545954","2.108319606897169e-06","9.238091575825003e-05","0.24593371656793905","0.7325188559331498","0.021452938263545954","Earthquake+Tsunami","1.0"
"3af6b654-5548-44a9-8e08-dd2a449cc31c","0.9999956280841902","0.9998684794709174","0.7078458968065156","0.012288340329889583","4.371915809819882e-06","0.00012714861327278726","0.29202258266440184","0.695557556476626","0.012288340329889583","Earthquake+Tsunami","1.0"
"2a65e074-51eb-4eb0-aeeb-85523d6c8b06","0.9999992822201602","0.9999391850021007","0.8190873942134455","0.04546869458617092","7.177798397872692e-07","6.0097218059551594e-05","0.1808517907886552","0.7736186996272745","0.04546869458617092","Earthquake+Tsunami","1.0"
"2f754b80-1b48-40a9-ae3d-761fd6e14f62","0.9999994955555335","0.9999471197184536","0.8384024060095163","0.056482223339550344","5.044444665314174e-07","5.237583707984328e-05","0.1615447137089373","0.781920182669966","0.056482223339550344","Earthquake+Tsunami","1.0"
"e7b58158-d3bf-4c18-9937-089c0c01c129","0.9999956280841902","0.9998684794709174","0.7078458968065156","0.012288340329889583","4.371915809819882e-06","0.00012714861327278726","0.29202258266440184","0.695557556476626","0.012288340329889583","Earthquake+Tsunami","1.0"
"fe79ca08-7570-4674-9b2a-da3f1c82fa21","0.9999909341556323","0.9998072390173738","0.6645182742645813","0.007353399023512704","9.065844367661668e-06","0.000183695138258555","0.33528896475279246","0.6571648752410686","0.007353399023512704","Earthquake+Tsunami","1.0"
"c1c7a4d7-e8f1-4ca1-be3b-3f44f50b5907","0.9999999900280462","0.9999900587171497","0.9660963216184406","0.28065886073736074","9.971953818244117e-09","9.931310896438283e-06","0.03389373709870913","0.6854374608810798","0.28065886073736074","Earthquake+Tsunami","1.0"
"d522c7fa-00b9-4f72-b8ef-8310dce98156","0.9998437483","0.9982136603","0.5498383664","0.0031727789","0.00015625169999999855","0.001630087999999974","0.4483752939000001","0.5466655874999999","0.0031727789","Earthquake+Tsunami","1.0"
"83f5e9c1-8b3d-4aee-a165-7f2f647ce70b","0.9998628352","0.9984404014","0.5719799662","0.0037565147","0.00013716480000003362","0.001422433799999956","0.4264604352","0.5682234515","0.0037565147","Earthquake+Tsunami","1.0"
"8b756d2a-74d0-44a3-a21a-223b4f41fa7d","0.9998628352","0.9984404014","0.5719799662","0.0037565147","0.00013716480000003362","0.001422433799999956","0.4264604352","0.5682234515","0.0037565147","Earthquake+Tsunami","1.0"
"c18f25c5-3072-4541-97d9-fa00ced5c3c4","0.9999448337","0.9994045817","0.7128914137","0.0109306004","5.516630000002021e-05","0.0005402519999999633","0.28651316800000004","0.7019608132999999","0.0109306004","Earthquake+Tsunami","1.0"
"b9e7612f-371d-46d1-a4f4-9dbf8eedf34e","0.9999448337","0.9994045817","0.7128914137","0.0109306004","5.516630000002021e-05","0.0005402519999999633","0.28651316800000004","0.7019608132999999","0.0109306004","Earthquake+Tsunami","1.0"
"f4aedcf4-9afc-4c1f-ac6b-2a7098b55211","0.9999448337","0.9994045817","0.7128914137","0.0109306004","5.516630000002021e-05","0.0005402519999999633","0.28651316800000004","0.7019608132999999","0.0109306004","Earthquake+Tsunami","1.0"
"fc29ce93-1a28-49ab-a1e3-61c3432ce63e","0.9999448337","0.9994045817","0.7128914137","0.0109306004","5.516630000002021e-05","0.0005402519999999633","0.28651316800000004","0.7019608132999999","0.0109306004","Earthquake+Tsunami","1.0"
"9d913c58-bb17-485a-875d-9d24241d3691","0.9999448337","0.9994045817","0.7128914137","0.0109306004","5.516630000002021e-05","0.0005402519999999633","0.28651316800000004","0.7019608132999999","0.0109306004","Earthquake+Tsunami","1.0"
"df5a6ce6-39c4-46a2-b571-3d70d3d4484d","0.9999448337","0.9994045817","0.7128914137","0.0109306004","5.516630000002021e-05","0.0005402519999999633","0.28651316800000004","0.7019608132999999","0.0109306004","Earthquake+Tsunami","1.0"
"b9b3054b-7030-4a44-854e-2ba961c62716","0.9999448337","0.9994045817","0.7128914137","0.0109306004","5.516630000002021e-05","0.0005402519999999633","0.28651316800000004","0.7019608132999999","0.0109306004","Earthquake+Tsunami","1.0"
"f8a2a704-b3cd-4e5b-a196-69caf69fc4e9","0.9999515525","0.9994819376","0.7305474382","0.0125404992","4.844749999999287e-05","0.0004696148999999705","0.2689344994","0.718006939","0.0125404992","Earthquake+Tsunami","1.0"
"f87bb743-3b4d-44ce-ad15-2e3973b6dd95","0.9999515525","0.9994819376","0.7305474382","0.0125404992","4.844749999999287e-05","0.0004696148999999705","0.2689344994","0.718006939","0.0125404992","Earthquake+Tsunami","1.0"
"c0fac70f-8c33-438e-b451-8a1e5acc7a3c","0.9999971136641368","0.9999290704955853","0.7778328391386182","0.01676352924218686","2.8863358632058578e-06","6.804316855146819e-05","0.2220962313569671","0.7610693098964314","0.01676352924218686","Earthquake+Tsunami","1.0"
"f4535488-4711-4ca8-829e-e178e27407d7","0.9999515525","0.9994819376","0.7305474382","0.0125404992","4.844749999999287e-05","0.0004696148999999705","0.2689344994","0.718006939","0.0125404992","Earthquake+Tsunami","1.0"
"3ab773f9-c452-4f18-a06d-b9f59182d8cc","0.9999515525","0.9994819376","0.7305474382","0.0125404992","4.844749999999287e-05","0.0004696148999999705","0.2689344994","0.718006939","0.0125404992","Earthquake+Tsunami","1.0"
"073a439a-63c6-4138-82ac-d824a0d87ebd","0.9999515525","0.9994819376","0.7305474382","0.0125404992","4.844749999999287e-05","0.0004696148999999705","0.2689344994","0.718006939","0.0125404992","Earthquake+Tsunami","1.0"
"0ff9b726-364a-45aa-be42-80fbf72d31c9","0.9998628352","0.9984404014","0.5719799662","0.0037565147","0.00013716480000003362","0.001422433799999956","0.4264604352","0.5682234515","0.0037565147","Earthquake+Tsunami","1.0"
"2de9ab73-978b-4fdc-9129-7450112cc0f7","0.9998628352","0.9984404014","0.5719799662","0.0037565147","0.00013716480000003362","0.001422433799999956","0.4264604352","0.5682234515","0.0037565147","Earthquake+Tsunami","1.0"
"24ea76fc-00cc-49c0-ac4c-41dc35f0ac3b","0.9998628352","0.9984404014","0.5719799662","0.0037565147","0.00013716480000003362","0.001422433799999956","0.4264604352","0.5682234515","0.0037565147","Earthquake+Tsunami","1.0"
"f3c809b4-3ca7-453a-bf63-7e40061afc24","0.9998795873","0.998639032","0.5937151759","0.0044286938","0.00012041269999996107","0.0012405553000000014","0.40492385610000003","0.5892864821","0.0044286938","Earthquake+Tsunami","1.0"
"31cef5c8-02ee-41fc-a910-d6905dc095ee","0.9998795873","0.998639032","0.5937151759","0.0044286938","0.00012041269999996107","0.0012405553000000014","0.40492385610000003","0.5892864821","0.0044286938","Earthquake+Tsunami","1.0"
"8e00f889-f092-4bb4-a653-8f1317791b72","0.9998795873","0.998639032","0.5937151759","0.0044286938","0.00012041269999996107","0.0012405553000000014","0.40492385610000003","0.5892864821","0.0044286938","Earthquake+Tsunami","1.0"
"ea60fa43-11ea-45a7-aa53-c1bb50b1dce4","0.9998795873","0.998639032","0.5937151759","0.0044286938","0.00012041269999996107","0.0012405553000000014","0.40492385610000003","0.5892864821","0.0044286938","Earthquake+Tsunami","1.0"
"22a23212-8190-46be-b33c-4ef924adea7e","0.9998795873","0.998639032","0.5937151759","0.0044286938","0.00012041269999996107","0.0012405553000000014","0.40492385610000003","0.5892864821","0.0044286938","Earthquake+Tsunami","1.0"
"05183bac-1f9a-4a83-971d-5de1a9f6f76b","0.9998795873","0.998639032","0.5937151759","0.0044286938","0.00012041269999996107","0.0012405553000000014","0.40492385610000003","0.5892864821","0.0044286938","Earthquake+Tsunami","1.0"
"0ef47850-d4b6-466f-81f9-7936ef847098","0.9998795873","0.998639032","0.5937151759","0.0044286938","0.00012041269999996107","0.0012405553000000014","0.40492385610000003","0.5892864821","0.0044286938","Earthquake+Tsunami","1.0"
"8c638bf1-1570-4853-97a1-e5cb84c4bacd","0.9998795873","0.998639032","0.5937151759","0.0044286938","0.00012041269999996107","0.0012405553000000014","0.40492385610000003","0.5892864821","0.0044286938","Earthquake+Tsunami","1.0"
"dca0a79d-a810-45a9-a728-646254110028","0.9998811440465009","0.9986550706786177","0.593716026969233","0.004428693917857297","0.0001188559534991418","0.0012260733678831626","0.4049390437093847","0.5892873330513757","0.004428693917857297","Earthquake+Tsunami","1.0"
"f3aa1875-01f2-4588-8058-5076fec6524e","0.9998811440465009","0.9986550706786177","0.593716026969233","0.004428693917857297","0.0001188559534991418","0.0012260733678831626","0.4049390437093847","0.5892873330513757","0.004428693917857297","Earthquake+Tsunami","1.0"
"c7752071-dca9-41c3-9e67-d3275a3fee9a","0.9999001451577008","0.998850883345655","0.5938948382247046","0.004428886590021064","9.985484229924069e-05","0.0010492618120457875","0.4049560451209504","0.5894659516346835","0.004428886590021064","Earthquake+Tsunami","1.0"
"a5b88261-8219-4945-8870-e813f71cfa1d","0.9999001451577008","0.998850883345655","0.5938948382247046","0.004428886590021064","9.985484229924069e-05","0.0010492618120457875","0.4049560451209504","0.5894659516346835","0.004428886590021064","Earthquake+Tsunami","1.0"
"f4b587cf-76bd-4f69-81f9-056fa7996c95","0.9999001451577008","0.998850883345655","0.5938948382247046","0.004428886590021064","9.985484229924069e-05","0.0010492618120457875","0.4049560451209504","0.5894659516346835","0.004428886590021064","Earthquake+Tsunami","1.0"
"357507d7-b5b8-485e-a9ed-0bc4688131a7","0.9999169306700428","0.9990240116919534","0.5945510027321017","0.004430530189541734","8.306932995716387e-05","0.0008929189780894076","0.4044730089598517","0.59012047254256","0.004430530189541734","Earthquake+Tsunami","1.0"
"1c12acdc-363b-496e-8b29-1300e1733305","0.9999994955555335","0.9999471197184536","0.8384024060095163","0.056482223339550344","5.044444665314174e-07","5.237583707984328e-05","0.1615447137089373","0.781920182669966","0.056482223339550344","Earthquake+Tsunami","1.0"
"ca1dbca8-74a2-4f55-816b-ae1521199e0d","0.9999969658308994","0.9998891069854423","0.7308741721437038","0.016260765072930707","3.0341691006352534e-06","0.00010785884545705393","0.26901493484173855","0.714613407070773","0.016260765072930707","Earthquake+Tsunami","1.0"
"b1c5dc20-3812-43eb-93b5-75806297ad6f","0.9999992822201602","0.9999391850021007","0.8190873942134455","0.04546869458617092","7.177798397872692e-07","6.0097218059551594e-05","0.1808517907886552","0.7736186996272745","0.04546869458617092","Earthquake+Tsunami","1.0"
"6ae802bf-98ba-47d7-aa9f-c345362f88c0","0.9999978916803931","0.9999055107646349","0.7539717941966958","0.021452938263545954","2.108319606897169e-06","9.238091575825003e-05","0.24593371656793905","0.7325188559331498","0.021452938263545954","Earthquake+Tsunami","1.0"
"3d6ec28e-85c0-4631-8b63-3254d2098a12","0.9999969658308994","0.9998891069854423","0.7308741721437038","0.016260765072930707","3.0341691006352534e-06","0.00010785884545705393","0.26901493484173855","0.714613407070773","0.016260765072930707","Earthquake+Tsunami","1.0"
"1252e35b-7d99-4caa-ad81-defc1c587639","0.9999978916803931","0.9999055107646349","0.7539717941966958","0.021452938263545954","2.108319606897169e-06","9.238091575825003e-05","0.24593371656793905","0.7325188559331498","0.021452938263545954","Earthquake+Tsunami","1.0"
"cb82c8d7-5834-4797-b9af-eccde16544bb","0.9999956280841902","0.9998684794709174","0.7078458968065156","0.012288340329889583","4.371915809819882e-06","0.00012714861327278726","0.29202258266440184","0.695557556476626","0.012288340329889583","Earthquake+Tsunami","1.0"
"f2dd0371-24c7-4a93-aab1-4091468e1f8f","0.9999956280841902","0.9998684794709174","0.7078458968065156","0.012288340329889583","4.371915809819882e-06","0.00012714861327278726","0.29202258266440184","0.695557556476626","0.012288340329889583","Earthquake+Tsunami","1.0"
"06b119b5-5f07-4c70-9dbb-329a6c368b32","0.9999909341556323","0.9998072390173738","0.6645182742645813","0.007353399023512704","9.065844367661668e-06","0.000183695138258555","0.33528896475279246","0.6571648752410686","0.007353399023512704","Earthquake+Tsunami","1.0"
"a8103a32-d3aa-41d6-a114-62345983ea6f","0.9999956280841902","0.9998684794709174","0.7078458968065156","0.012288340329889583","4.371915809819882e-06","0.00012714861327278726","0.29202258266440184","0.695557556476626","0.012288340329889583","Earthquake+Tsunami","1.0"
"8e103b2a-ae77-4288-a89f-275a2680f778","0.9999448337","0.9994045817","0.7128914137","0.0109306004","5.516630000002021e-05","0.0005402519999999633","0.28651316800000004","0.7019608132999999","0.0109306004","Earthquake+Tsunami","1.0"
"2f8ba2ca-aef9-48a4-91da-a70f08b384b9","0.9999448337","0.9994045817","0.7128914137","0.0109306004","5.516630000002021e-05","0.0005402519999999633","0.28651316800000004","0.7019608132999999","0.0109306004","Earthquake+Tsunami","1.0"
"2a0ece4e-cdc0-4a1b-a896-c6ae80f60026","0.9999448337","0.9994045817","0.7128914137","0.0109306004","5.516630000002021e-05","0.0005402519999999633","0.28651316800000004","0.7019608132999999","0.0109306004","Earthquake+Tsunami","1.0"
"123a148e-ee0e-4cb4-b44e-4065e930b70e","0.9999448337","0.9994045817","0.7128914137","0.0109306004","5.516630000002021e-05","0.0005402519999999633","0.28651316800000004","0.7019608132999999","0.0109306004","Earthquake+Tsunami","1.0"
"40f3cb51-b74e-4c25-bdcd-cc8ab232f4f2","0.9999448337","0.9994045817","0.7128914137","0.0109306004","5.516630000002021e-05","0.0005402519999999633","0.28651316800000004","0.7019608132999999","0.0109306004","Earthquake+Tsunami","1.0"
"2b6700d4-8452-4206-9844-ccf906db35d8","0.9999455469133445","0.9994115664231417","0.7128920158934956","0.010930600540392164","5.445308665552595e-05","0.0005339804902028122","0.28651955052964606","0.7019614153531034","0.010930600540392164","Earthquake+Tsunami","1.0"
"4a970229-c7de-4366-89a3-fd407af63a80","0.9999982409796375","0.9999481550068628","0.806343585928661","0.02198309724833016","1.7590203624795464e-06","5.008597277467164e-05","0.1936045690782019","0.7843604886803308","0.02198309724833016","Earthquake+Tsunami","1.0"
"de04adf6-bdb9-4500-afa0-eb3f18d6a168","0.9999894756700728","0.9998522402083763","0.7455518107222544","0.012969395952540947","1.052432992720842e-05","0.00013723546169652767","0.25430042948612186","0.7325824147697134","0.012969395952540947","Earthquake+Tsunami","1.0"
"557fe1a3-2ad8-494b-bbc1-d5dfccc4dc3c","0.9999515525","0.9994819376","0.7305474382","0.0125404992","4.844749999999287e-05","0.0004696148999999705","0.2689344994","0.718006939","0.0125404992","Earthquake+Tsunami","1.0"
"af5960c9-b795-485c-8be9-6f6a9eb56f11","0.9999515525","0.9994819376","0.7305474382","0.0125404992","4.844749999999287e-05","0.0004696148999999705","0.2689344994","0.718006939","0.0125404992","Earthquake+Tsunami","1.0"
"13a1bffd-ad1c-49b5-b9e8-7d33dfe411d6","0.9998795873","0.998639032","0.5937151759","0.0044286938","0.00012041269999996107","0.0012405553000000014","0.40492385610000003","0.5892864821","0.0044286938","Earthquake+Tsunami","1.0"
"8a5807f3-a41f-4353-97fb-86332a25bb05","0.9998874900141232","0.9987204561804621","0.593736163975305","0.004428703110726418","0.00011250998587675198","0.0011670338336611241","0.4049842922051571","0.5893074608645786","0.004428703110726418","Earthquake+Tsunami","1.0"
"465eaf62-5789-4ba7-a8f7-f2d6f4509e10","0.9999999982756782","0.9999957622633077","0.9852153231975473","0.4165669204294145","1.724321796459094e-09","4.236012370539832e-06","0.01478043906576032","0.5686484027681329","0.4165669204294145","Earthquake+Tsunami","1.0"
"040d4725-e3d8-44f2-8f55-9359c1b659fc","0.9999999977098226","0.9999951150274684","0.983023437738612","0.3943172673322598","2.2901773810701798e-09","4.88268235421252e-06","0.0169716772888564","0.5887061704063522","0.3943172673322598","Earthquake+Tsunami","1.0"
"35e9d078-3b99-4248-a4a0-3c6977be08b0","0.9999936999310378","0.999841971501952","0.6854999615505865","0.009378157847919375","6.300068962183936e-06","0.00015172842908584006","0.3143420099513655","0.6761218037026671","0.009378157847919375","Earthquake+Tsunami","1.0"
"5f089583-865a-4b6f-a161-a1cd9b07e7b0","0.9999936999310378","0.999841971501952","0.6854999615505865","0.009378157847919375","6.300068962183936e-06","0.00015172842908584006","0.3143420099513655","0.6761218037026671","0.009378157847919375","Earthquake+Tsunami","1.0"
"2e3c7ac9-44f7-4826-8654-22edf8b564cb","0.9999956280841902","0.9998684794709174","0.7078458968065156","0.012288340329889583","4.371915809819882e-06","0.00012714861327278726","0.29202258266440184","0.695557556476626","0.012288340329889583","Earthquake+Tsunami","1.0"
"0436bf05-51af-4a8b-bd42-1d7a4a9f1b92","0.9999956280841902","0.9998684794709174","0.7078458968065156","0.012288340329889583","4.371915809819882e-06","0.00012714861327278726","0.29202258266440184","0.695557556476626","0.012288340329889583","Earthquake+Tsunami","1.0"
"5eff27a0-e74e-41e0-9f97-bb2ffe8bcc4d","0.9998628352","0.9984404014","0.5719799662","0.0037565147","0.00013716480000003362","0.001422433799999956","0.4264604352","0.5682234515","0.0037565147","Earthquake+Tsunami","1.0"
"3527e49d-c01d-4e66-bcdb-dcd0d2ab1602","0.9998628352","0.9984404014","0.5719799662","0.0037565147","0.00013716480000003362","0.001422433799999956","0.4264604352","0.5682234515","0.0037565147","Earthquake+Tsunami","1.0"
"f9ee0fc1-e53b-490b-85c5-83c331c70d38","0.9999448337","0.9994045817","0.7128914137","0.0109306004","5.516630000002021e-05","0.0005402519999999633","0.28651316800000004","0.7019608132999999","0.0109306004","Earthquake+Tsunami","1.0"
"9b569a96-a01f-4616-9a74-fd66e8d046f2","0.9999448337","0.9994045817","0.7128914137","0.0109306004","5.516630000002021e-05","0.0005402519999999633","0.28651316800000004","0.7019608132999999","0.0109306004","Earthquake+Tsunami","1.0"
"8318580d-015d-42da-ba0e-bf39f5048cf6","0.9999448337","0.9994045817","0.7128914137","0.0109306004","5.516630000002021e-05","0.0005402519999999633","0.28651316800000004","0.7019608132999999","0.0109306004","Earthquake+Tsunami","1.0"
"a69b0c4b-0dc4-423f-ab9f-13eebf8076ca","0.9999448337","0.9994045817","0.7128914137","0.0109306004","5.516630000002021e-05","0.0005402519999999633","0.28651316800000004","0.7019608132999999","0.0109306004","Earthquake+Tsunami","1.0"
"c5cc7da8-fd30-4377-91ca-a87cbfeb9b1e","0.9999448337","0.9994045817","0.7128914137","0.0109306004","5.516630000002021e-05","0.0005402519999999633","0.28651316800000004","0.7019608132999999","0.0109306004","Earthquake+Tsunami","1.0"
"89b8a409-c960-4a0d-918b-298d8056e1f1","0.9999448337","0.9994045817","0.7128914137","0.0109306004","5.516630000002021e-05","0.0005402519999999633","0.28651316800000004","0.7019608132999999","0.0109306004","Earthquake+Tsunami","1.0"
"4b424e27-1cbe-400e-a6cb-97c5034834e5","0.9999542521495927","0.9994968424919952","0.713018537781394","0.010930829835828907","4.574785040734053e-05","0.0004574096575974407","0.2864783047106012","0.7020877079455651","0.010930829835828907","Earthquake+Tsunami","1.0"
"e6e290ac-fae5-4cb1-aefc-6368d2ed9a4e","0.999969998406818","0.999651383062675","0.7147587723523543","0.010943166993836111","3.0001593182005237e-05","0.00031861534414301396","0.2848926107103207","0.7038156053585182","0.010943166993836111","Earthquake+Tsunami","1.0"
"b473e069-9a8b-49fa-967c-5ab33f622d20","0.9999619423235488","0.99957224293435","0.7134828210171076","0.010932784805425285","3.80576764511531e-05","0.00038969938919886093","0.2860894219172424","0.7025500362116823","0.010932784805425285","Earthquake+Tsunami","1.0"
"9e2dccd8-d335-4bb8-9d47-c3e3e65b0c43","0.9998795873","0.998639032","0.5937151759","0.0044286938","0.00012041269999996107","0.0012405553000000014","0.40492385610000003","0.5892864821","0.0044286938","Earthquake+Tsunami","1.0"
"7fbd5bec-e785-435c-954e-4c73cabb0a85","0.9998795873","0.998639032","0.5937151759","0.0044286938","0.00012041269999996107","0.0012405553000000014","0.40492385610000003","0.5892864821","0.0044286938","Earthquake+Tsunami","1.0"
"13108f35-e3d2-430b-9b60-44fd7313d614","0.9998795873","0.998639032","0.5937151759","0.0044286938","0.00012041269999996107","0.0012405553000000014","0.40492385610000003","0.5892864821","0.0044286938","Earthquake+Tsunami","1.0"
"b426f0e0-faff-4108-8c31-aa97bdf8ecbe","0.9998795873","0.998639032","0.5937151759","0.0044286938","0.00012041269999996107","0.0012405553000000014","0.40492385610000003","0.5892864821","0.0044286938","Earthquake+Tsunami","1.0"
"9fafae5c-a771-4924-9a21-46c05708d633","0.9998795873","0.998639032","0.5937151759","0.0044286938","0.00012041269999996107","0.0012405553000000014","0.40492385610000003","0.5892864821","0.0044286938","Earthquake+Tsunami","1.0"
"9b82906e-ff70-4383-835f-5d5909a4bf31","0.9998795873","0.998639032","0.5937151759","0.0044286938","0.00012041269999996107","0.0012405553000000014","0.40492385610000003","0.5892864821","0.0044286938","Earthquake+Tsunami","1.0"
"cbafec2e-dd0a-4068-b625-3aa6cbda709c","0.9999169306700428","0.9990240116919534","0.5945510027321017","0.004430530189541734","8.306932995716387e-05","0.0008929189780894076","0.4044730089598517","0.59012047254256","0.004430530189541734","Earthquake+Tsunami","1.0"
"86555cee-940b-4212-ad5c-818d8cc4fa96","0.9999999986974355","0.9999963232523785","0.9871209375160075","0.43849250025472464","1.3025645007047615e-09","3.6754450569720376e-06","0.012875385736371037","0.5486284372612829","0.43849250025472464","Earthquake+Tsunami","1.0"
"c03b2860-a291-478b-afc3-37fd8e8f0637","0.9999999982756782","0.9999957622633077","0.9852153231975473","0.4165669204294145","1.724321796459094e-09","4.236012370539832e-06","0.01478043906576032","0.5686484027681329","0.4165669204294145","Earthquake+Tsunami","1.0"
"fc503b57-de64-468b-802e-b0e3c9c923a4","0.9999985320015605","0.9999188397696499","0.7766246270671033","0.02799419284408164","1.4679984394749823e-06","7.969223191062191e-05","0.22329421270254657","0.7486304342230217","0.02799419284408164","Earthquake+Tsunami","1.0"
"67059e09-dc07-4534-82fe-c486618674de","0.9999936999310378","0.999841971501952","0.6854999615505865","0.009378157847919375","6.300068962183936e-06","0.00015172842908584006","0.3143420099513655","0.6761218037026671","0.009378157847919375","Earthquake+Tsunami","1.0"
"b1df01b3-e24a-4dc1-bdd6-e951ba8d1fee","0.9999969658308994","0.9998891069854423","0.7308741721437038","0.016260765072930707","3.0341691006352534e-06","0.00010785884545705393","0.26901493484173855","0.714613407070773","0.016260765072930707","Earthquake+Tsunami","1.0"
"847b5519-96bc-4937-9177-d5dfeb24b23d","0.9999989751100012","0.9999298836694226","0.7984285909948017","0.035979913060205995","1.0248899987574944e-06","6.909144057865024e-05","0.2015012926746209","0.7624486779345957","0.035979913060205995","Earthquake+Tsunami","1.0"
"743c58f3-3232-46bb-bbca-60a4a2c589fc","0.9999956280841902","0.9998684794709174","0.7078458968065156","0.012288340329889583","4.371915809819882e-06","0.00012714861327278726","0.29202258266440184","0.695557556476626","0.012288340329889583","Earthquake+Tsunami","1.0"
"9cfdb0b1-ecad-45e7-8c0b-dfff8a582a4d","0.9998628352","0.9984404014","0.5719799662","0.0037565147","0.00013716480000003362","0.001422433799999956","0.4264604352","0.5682234515","0.0037565147","Earthquake+Tsunami","1.0"
"ae515018-b982-40a4-887c-7eb91a640783","0.9998628352","0.9984404014","0.5719799662","0.0037565147","0.00013716480000003362","0.001422433799999956","0.4264604352","0.5682234515","0.0037565147","Earthquake+Tsunami","1.0"
"61c4cc9a-e997-4899-a6e5-1370e32b3840","0.9998628352","0.9984404014","0.5719799662","0.0037565147","0.00013716480000003362","0.001422433799999956","0.4264604352","0.5682234515","0.0037565147","Earthquake+Tsunami","1.0"
"e68f407a-b7e4-438d-b5f3-a38fbeabbdf8","0.9998628352","0.9984404014","0.5719799662","0.0037565147","0.00013716480000003362","0.001422433799999956","0.4264604352","0.5682234515","0.0037565147","Earthquake+Tsunami","1.0"
"a570fba3-6583-4158-8fa7-b2d100620333","0.9998795873","0.998639032","0.5937151759","0.0044286938","0.00012041269999996107","0.0012405553000000014","0.40492385610000003","0.5892864821","0.0044286938","Earthquake+Tsunami","1.0"
"c52a9f41-bc40-49fc-9886-2aab9e1713d7","0.9998628352","0.9984404014","0.5719799662","0.0037565147","0.00013716480000003362","0.001422433799999956","0.4264604352","0.5682234515","0.0037565147","Earthquake+Tsunami","1.0"
"66c91038-0966-4820-adbd-2a65a0855486","0.9998795873","0.998639032","0.5937151759","0.0044286938","0.00012041269999996107","0.0012405553000000014","0.40492385610000003","0.5892864821","0.0044286938","Earthquake+Tsunami","1.0"
"fdfc2169-c06d-43a2-983c-2fa03e86e74f","0.9998795873","0.998639032","0.5937151759","0.0044286938","0.00012041269999996107","0.0012405553000000014","0.40492385610000003","0.5892864821","0.0044286938","Earthquake+Tsunami","1.0"
"ae8940c5-30bd-41c0-acf1-cfe6a485ff06","0.9998795873","0.998639032","0.5937151759","0.0044286938","0.00012041269999996107","0.0012405553000000014","0.40492385610000003","0.5892864821","0.0044286938","Earthquake+Tsunami","1.0"
"cef5470f-af01-41d2-a45d-ba7436f9ac5d","0.9998795873","0.998639032","0.5937151759","0.0044286938","0.00012041269999996107","0.0012405553000000014","0.40492385610000003","0.5892864821","0.0044286938","Earthquake+Tsunami","1.0"
"4ae32b58-308b-4450-bd1e-902a9e7c2c1d","0.9998795873","0.998639032","0.5937151759","0.0044286938","0.00012041269999996107","0.0012405553000000014","0.40492385610000003","0.5892864821","0.0044286938","Earthquake+Tsunami","1.0"
"99eba104-4765-4884-b9a8-571500a4f3ed","0.9999985320015605","0.9999188397696499","0.7766246270671033","0.02799419284408164","1.4679984394749823e-06","7.969223191062191e-05","0.22329421270254657","0.7486304342230217","0.02799419284408164","Earthquake+Tsunami","1.0"
"a404928e-cf87-4253-a363-247cc7f3fa1f","0.9999869986964608","0.9997610683350632","0.6455978612241462","0.006029366055051974","1.3001303539206255e-05","0.00022593036139761935","0.354163207110917","0.6395684951690942","0.006029366055051974","Earthquake+Tsunami","1.0"
"d7cb2c42-c7c2-49eb-9f9d-e3eb1c879948","0.9999985320015605","0.9999188397696499","0.7766246270671033","0.02799419284408164","1.4679984394749823e-06","7.969223191062191e-05","0.22329421270254657","0.7486304342230217","0.02799419284408164","Earthquake+Tsunami","1.0"
"9360bc57-7f73-450f-b3e2-b8d696d1efd1","0.9998628352","0.9984404014","0.5719799662","0.0037565147","0.00013716480000003362","0.001422433799999956","0.4264604352","0.5682234515","0.0037565147","Earthquake+Tsunami","1.0"
"2ce05245-e7e4-4aae-bb5b-8dfa021a7110","0.9998437483","0.9982136603","0.5498383664","0.0031727789","0.00015625169999999855","0.001630087999999974","0.4483752939000001","0.5466655874999999","0.0031727789","Earthquake+Tsunami","1.0"
"104c87ac-25e3-4291-8cd2-44f63a52382d","0.9998628352","0.9984404014","0.5719799662","0.0037565147","0.00013716480000003362","0.001422433799999956","0.4264604352","0.5682234515","0.0037565147","Earthquake+Tsunami","1.0"
"95a2f2d7-6efb-46f6-948e-6a0ce8652e15","0.9998628352","0.9984404014","0.5719799662","0.0037565147","0.00013716480000003362","0.001422433799999956","0.4264604352","0.5682234515","0.0037565147","Earthquake+Tsunami","1.0"
"bc251072-93a8-4c23-a28c-2b408274863e","0.9998628352","0.9984404014","0.5719799662","0.0037565147","0.00013716480000003362","0.001422433799999956","0.4264604352","0.5682234515","0.0037565147","Earthquake+Tsunami","1.0"
"ccbbeb3e-c75c-4618-8f8e-69103512181f","0.9998628352","0.9984404014","0.5719799662","0.0037565147","0.00013716480000003362","0.001422433799999956","0.4264604352","0.5682234515","0.0037565147","Earthquake+Tsunami","1.0"
"2567b968-d05f-4027-99f6-31f5b5e9e1eb","0.9998628352","0.9984404014","0.5719799662","0.0037565147","0.00013716480000003362","0.001422433799999956","0.4264604352","0.5682234515","0.0037565147","Earthquake+Tsunami","1.0"
"0ae42695-c5d3-4a76-9e53-bba7a2fb288e","0.9998628352","0.9984404014","0.5719799662","0.0037565147","0.00013716480000003362","0.001422433799999956","0.4264604352","0.5682234515","0.0037565147","Earthquake+Tsunami","1.0"
"66829ba8-a5c2-425c-86dc-9db3e5e766e7","0.9998628352","0.9984404014","0.5719799662","0.0037565147","0.00013716480000003362","0.001422433799999956","0.4264604352","0.5682234515","0.0037565147","Earthquake+Tsunami","1.0"
"545d770a-836c-4cd9-95a4-65cd7e533748","0.9998628352","0.9984404014","0.5719799662","0.0037565147","0.00013716480000003362","0.001422433799999956","0.4264604352","0.5682234515","0.0037565147","Earthquake+Tsunami","1.0"
"c0a7b018-2e0d-488e-a749-0e84328c33a6","0.9998628352","0.9984404014","0.5719799662","0.0037565147","0.00013716480000003362","0.001422433799999956","0.4264604352","0.5682234515","0.0037565147","Earthquake+Tsunami","1.0"
"e9924662-6685-466f-a4a2-582a9a1a035c","0.9999788904416897","0.999656001347155","0.6095327128087819","0.004526779653990143","2.110955831025052e-05","0.00032288909453470627","0.3901232885383732","0.6050059331547917","0.004526779653990143","Earthquake+Tsunami","1.0"
"71ebf4e8-2f85-4ca8-9676-37f2dc104f8c","0.9999435582818922","0.999279689907126","0.5787257704642257","0.0037979623203664354","5.644171810781362e-05","0.0006638683747661744","0.4205539194429003","0.5749278081438592","0.0037979623203664354","Earthquake+Tsunami","1.0"
"0de27825-581f-43dd-9712-e1649e97e73e","0.9999585531994972","0.9994373875834685","0.5855554023855355","0.0038873672271310593","4.1446800502775716e-05","0.0005211656160287736","0.41388198519793296","0.5816680351584045","0.0038873672271310593","Earthquake+Tsunami","1.0"
"7f65e38e-ad3a-44c0-bd3c-8687afbfe133","0.9999169306700428","0.9990240116919534","0.5945510027321017","0.004430530189541734","8.306932995716387e-05","0.0008929189780894076","0.4044730089598517","0.59012047254256","0.004430530189541734","Earthquake+Tsunami","1.0"
"9c241af9-5285-4eb8-9c62-3afac642dd68","0.9999971136641368","0.9999290704955853","0.7778328391386182","0.01676352924218686","2.8863358632058578e-06","6.804316855146819e-05","0.2220962313569671","0.7610693098964314","0.01676352924218686","Earthquake+Tsunami","1.0"
"6bac8424-85a0-469e-a3cd-cfca1dec3c94","0.9999788904416897","0.999656001347155","0.6095327128087819","0.004526779653990143","2.110955831025052e-05","0.00032288909453470627","0.3901232885383732","0.6050059331547917","0.004526779653990143","Earthquake+Tsunami","1.0"
"5e830482-43cd-433c-b158-0a47366b685b","0.9999788904416897","0.999656001347155","0.6095327128087819","0.004526779653990143","2.110955831025052e-05","0.00032288909453470627","0.3901232885383732","0.6050059331547917","0.004526779653990143","Earthquake+Tsunami","1.0"
"927d57aa-f543-4500-b12a-113c22e7569c","0.9998628352","0.9984404014","0.5719799662","0.0037565147","0.00013716480000003362","0.001422433799999956","0.4264604352","0.5682234515","0.0037565147","Earthquake+Tsunami","1.0"
"017b6a8e-9367-4efd-9649-e48098145af4","0.9998628352","0.9984404014","0.5719799662","0.0037565147","0.00013716480000003362","0.001422433799999956","0.4264604352","0.5682234515","0.0037565147","Earthquake+Tsunami","1.0"
"57b0bba4-d8d1-4cad-8aa4-1876157bf340","0.9998628352","0.9984404014","0.5719799662","0.0037565147","0.00013716480000003362","0.001422433799999956","0.4264604352","0.5682234515","0.0037565147","Earthquake+Tsunami","1.0"
"0e9f1cfe-b413-42a5-901b-4419fae2ac79","0.9999542521495927","0.9994968424919952","0.713018537781394","0.010930829835828907","4.574785040734053e-05","0.0004574096575974407","0.2864783047106012","0.7020877079455651","0.010930829835828907","Earthquake+Tsunami","1.0"
"cde8d071-134d-4d47-801f-ee0d471bec54","0.999999594661817","0.9999475192384527","0.8484998679435627","0.06643188238157108","4.0533818301824454e-07","5.2075423364272844e-05","0.15144765129489002","0.7820679855619916","0.06643188238157108","Earthquake+Tsunami","1.0"
"7677099f-232f-4135-bf2e-0f7246c25b8e","0.9999997959271433","0.9999601536573933","0.8813613573685479","0.09505829852320599","2.040728567243022e-07","3.9642269749951e-05","0.1185987962888454","0.7863030588453419","0.09505829852320599","Earthquake+Tsunami","1.0"
"0e02403f-8ea1-4685-9a68-cabca83784ef","0.9999999790069135","0.9999849722162006","0.9529238986735564","0.22959082364857175","2.0993086491394308e-08","1.5006790712868145e-05","0.047061073542644216","0.7233330750249847","0.22959082364857175","Earthquake+Tsunami","1.0"
"0e2b74b0-7bd5-4152-a8a3-613f090c0825","0.9999998543217375","0.9999652833482613","0.8954657802864301","0.11134463371766942","1.4567826245315274e-07","3.4570973476255595e-05","0.1044995030618312","0.7841211465687606","0.11134463371766942","Earthquake+Tsunami","1.0"
"64971689-1cea-4d13-8842-f8dd692dbbf6","0.9999999915968454","0.999990172859282","0.9688245061043448","0.29627362681605374","8.403154616587472e-09","9.818737563338509e-06","0.03116566675493726","0.672550879288291","0.29627362681605374","Earthquake+Tsunami","1.0"
"e8e8d5a6-32de-4744-859d-958ffb618d23","0.9999999937607986","0.999991474312556","0.9728456961286286","0.3188378129954966","6.23920137776679e-09","8.51944824264983e-06","0.027145778183927383","0.654007883133132","0.3188378129954966","Earthquake+Tsunami","1.0"
"90b6f62b-c1e1-44d7-a40d-fd5992da8172","0.9999788904416897","0.999656001347155","0.6095327128087819","0.004526779653990143","2.110955831025052e-05","0.00032288909453470627","0.3901232885383732","0.6050059331547917","0.004526779653990143","Earthquake+Tsunami","1.0"
"abf0695e-34eb-4abc-a573-3bb9689b1e4d","0.9999975983659761","0.9998922025473709","0.7407636105201031","0.020233882090383397","2.4016340238741662e-06","0.00010539581860524727","0.2591285920272678","0.7205297284297197","0.020233882090383397","Earthquake+Tsunami","1.0"
"2946867a-407d-4067-961d-66034fcbfd81","0.9999999937607986","0.999991474312556","0.9728456961286286","0.3188378129954966","6.23920137776679e-09","8.51944824264983e-06","0.027145778183927383","0.654007883133132","0.3188378129954966","Earthquake+Tsunami","1.0"
"c9887f72-a4aa-4c8d-a298-d5f63ccf95c0","0.9999896728938931","0.9997797222479919","0.646549463126618","0.006582455298932034","1.0327106106933215e-05","0.00020995064590112467","0.35323025912137396","0.6399670078276859","0.006582455298932034","Earthquake+Tsunami","1.0"
