"guid","LS_0","LS_1","LS_2","LS_3","DS_0","DS_1","DS_2","DS_3","DS_4","haz_expose"
"38f200bf-3c64-4994-b4de-36044ae64c00","0.5024692805","0.0453503792","0.0054180785","0.0007751784","0.4975307195","0.4571189013","0.0399323007","0.0046429001","0.0007751784","yes"
"0434090a-1a3f-409d-ad48-24d6f5af68f6","0.000593433","3.908e-07","3.4e-09","1e-10","0.999406567","0.0005930422","3.874E-7","3.3E-9","1E-10","yes"
"972cd313-3101-43ac-b917-c6c6fd7987b0","0.8920271098","0.322570919","0.0939616516","0.0265628588","0.1079728902","0.5694561908","0.2286092674","0.0673987928","0.0265628588","yes"
"8b868727-d59c-4e2a-84ba-c73eea4f8363","0.9992387374","0.9295507322","0.7311277863","0.4996318699","0.0007612626","0.0696880052","0.1984229459","0.2314959164","0.4996318699","yes"
"b04bf9c5-f788-4520-b3db-c2979415a326","0.9970448811","0.8542456902","0.5787090911","0.3377695678","0.0029551189","0.1427991909","0.2755365991","0.2409395233","0.3377695678","yes"
"f5b7fcda-06f2-4b46-846f-cccb8d9a02e0","0.998133124","0.8853025785","0.6352134301","0.3930198652","0.001866876","0.1128305455","0.2500891484","0.2421935649","0.3930198652","yes"
"3197d21d-2029-42de-a768-5ff2c66e6a88","0.8920271098","0.322570919","0.0939616516","0.0265628588","0.1079728902","0.5694561908","0.2286092674","0.0673987928","0.0265628588","yes"
"8bc34bd7-d6cf-4c62-83e3-f70e978bdb1e","0.998133124","0.8853025785","0.6352134301","0.3930198652","0.001866876","0.1128305455","0.2500891484","0.2421935649","0.3930198652","yes"
"d3bae336-a487-4e57-a2da-68c360584c26","0.0","0.0","0.0","0.0","1.0","0.0","0.0","0.0","0.0","no"
"01e8b883-da02-4d67-8d6d-e49a7a9a033f","0.8271399101","0.2251307517","0.0535675346","0.0129284224","0.1728600899","0.6020091584","0.1715632171","0.0406391122","0.0129284224","yes"
"3e35f623-fa66-46f5-a9a1-ee2be3ee245f","0.8271399101","0.2251307517","0.0535675346","0.0129284224","0.1728600899","0.6020091584","0.1715632171","0.0406391122","0.0129284224","yes"
"56b6ec7f-5990-4d35-8111-66b63fe242d4","0.9993889043","0.9376998595","0.7515963782","0.5248665818","0.0006110957","0.0616890448","0.1861034813","0.2267297964","0.5248665818","yes"
"8bfe2a4a-c649-4325-8531-5b9135d65a73","0.9990499445","0.9203625439","0.7092820811","0.4737440168","0.0009500555","0.0786874006","0.2110804628","0.2355380643","0.4737440168","yes"
"c911b117-4313-4f57-8574-d417ae3a1658","0.0","0.0","0.0","0.0","1.0","0.0","0.0","0.0","0.0","no"
"6eca9520-1d93-4036-9f69-655d57f45936","0.0656302456","0.0006705133","2.41942e-05","1.4314e-06","0.9343697544","0.0649597323","0.0006463191","0.0000227628","0.0000014314","yes"
"08699c79-e025-40fb-b5fa-270791288806","0.0","0.0","0.0","0.0","1.0","0.0","0.0","0.0","0.0","no"
"f47193b7-6f14-4f40-80c4-4c350f998c34","0.0","0.0","0.0","0.0","1.0","0.0","0.0","0.0","0.0","no"
"77ab05e7-cca1-49b8-a265-98dea69f7dc7","0.5885116677","0.0702159945","0.0098922453","0.0016014618","0.4114883323","0.5182956732","0.0603237492","0.0082907835","0.0016014618","yes"
"767f1eff-d4fd-4cf4-ae1b-0a8f5b819390","0.0","0.0","0.0","0.0","1.0","0.0","0.0","0.0","0.0","no"
"7f086564-d63f-4b95-8a72-a4582379c4d3","0.0","0.0","0.0","0.0","1.0","0.0","0.0","0.0","0.0","no"
"96da613f-13bb-42c6-a5b1-ec269e0f9d07","0.5885116677","0.0702159945","0.0098922453","0.0016014618","0.4114883323","0.5182956732","0.0603237492","0.0082907835","0.0016014618","yes"
"df66b132-d863-44e1-8ed2-0d1e31ae18da","0.9476793571","0.4700496745","0.1758309037","0.0607484595","0.0523206429","0.4776296826","0.2942187708","0.1150824442","0.0607484595","yes"
"73e91316-1c67-4698-8b8f-18a6c3e4d325","0.2147800216","0.006425949","0.0004127903","3.72834e-05","0.7852199784","0.2083540726","0.0060131587","0.0003755069","0.0000372834","yes"
"6e8bb299-383b-444e-8087-f492251ca26a","0.782768359","0.179748106","0.0381515484","0.008431037","0.217231641","0.603020253","0.1415965576","0.0297205114","0.008431037","yes"
"292924fd-6f41-4228-860f-127e1f48cef4","0.0","0.0","0.0","0.0","1.0","0.0","0.0","0.0","0.0","no"
"51d29cef-36a8-4d9a-b385-a16dfeae12e8","0.9150536691","0.3724567501","0.1186863295","0.036030738","0.0849463309","0.5425969190","0.2537704206","0.0826555915","0.036030738","yes"
"3fa1b2d8-1f3b-4450-8c97-6202253d118e","0.9332940293","0.4218667026","0.1460912073","0.0474106096","0.0667059707","0.5114273267","0.2757754953","0.0986805977","0.0474106096","yes"
"9f4c0c59-5043-4cb1-b1dc-d3076ef6c2c8","0.8920271098","0.322570919","0.0939616516","0.0265628588","0.1079728902","0.5694561908","0.2286092674","0.0673987928","0.0265628588","yes"
"2a5a861d-5ba6-4702-9faa-73b6c9dd9ed8","0.0","0.0","0.0","0.0","1.0","0.0","0.0","0.0","0.0","no"
"e9681913-b859-401d-96d6-0c52f6c013df","0.9476793571","0.4700496745","0.1758309037","0.0607484595","0.0523206429","0.4776296826","0.2942187708","0.1150824442","0.0607484595","yes"
"4ad4fe14-4671-4f2d-b6d3-14924158b69e","0.0","0.0","0.0","0.0","1.0","0.0","0.0","0.0","0.0","no"
"6511354f-a1a4-41f9-a857-a4d7f1f6e67f","0.8631287953","0.2731154769","0.0721940639","0.0189103107","0.1368712047","0.5900133184","0.2009214130","0.0532837532","0.0189103107","yes"
"4a995e69-712a-4b50-bd93-9bdabba9ff44","0.9150536691","0.3724567501","0.1186863295","0.036030738","0.0849463309","0.5425969190","0.2537704206","0.0826555915","0.036030738","yes"
"fab8f83b-2b1f-4c5e-86a0-fe42c0a8779c","0.9589876806","0.5164139208","0.2075159612","0.0760403269","0.0410123194","0.4425737598","0.3088979596","0.1314756343","0.0760403269","yes"
"8e42e0d7-165d-45ec-a1ff-8779de3ce489","0.8271399101","0.2251307517","0.0535675346","0.0129284224","0.1728600899","0.6020091584","0.1715632171","0.0406391122","0.0129284224","yes"
"297c56f7-91e5-4c3f-a5f6-2038393e1069","0.8920271098","0.322570919","0.0939616516","0.0265628588","0.1079728902","0.5694561908","0.2286092674","0.0673987928","0.0265628588","yes"
"ddfcf595-74df-4b9c-a48e-84a67b753167","0.0058210198","1.21764e-05","1.918e-07","6.2e-09","0.9941789802","0.0058088434","0.0000119846","1.856E-7","6.2E-9","yes"
"6aaacaa9-7a84-4f17-b543-6001cb0a18ca","0.0","0.0","0.0","0.0","1.0","0.0","0.0","0.0","0.0","no"
"2103f3ff-4a36-4522-b16e-55f31ec55fb5","0.8631287953","0.2731154769","0.0721940639","0.0189103107","0.1368712047","0.5900133184","0.2009214130","0.0532837532","0.0189103107","yes"
"c6f41d88-1861-4ef3-8001-cc009099883e","0.8920271098","0.322570919","0.0939616516","0.0265628588","0.1079728902","0.5694561908","0.2286092674","0.0673987928","0.0265628588","yes"
"7010febc-1589-4e41-884a-1c486d734cd2","0.0","0.0","0.0","0.0","1.0","0.0","0.0","0.0","0.0","no"
"c11baab0-3320-4aa8-902d-594c579841a6","0.0","0.0","0.0","0.0","1.0","0.0","0.0","0.0","0.0","no"
"573f1183-233b-4f47-9ab8-61787dec4b86","0.0","0.0","0.0","0.0","1.0","0.0","0.0","0.0","0.0","no"
"d64fbb74-5d6c-4292-93e2-9c935536af14","0.4082356497","0.0268041473","0.0026663825","0.0003328074","0.5917643503","0.3814315024","0.0241377648","0.0023335751","0.0003328074","yes"
"6c41c618-acfe-4657-a576-0b82645e9078","0.9476793571","0.4700496745","0.1758309037","0.0607484595","0.0523206429","0.4776296826","0.2942187708","0.1150824442","0.0607484595","yes"
"4313f5cc-ffa7-403b-91ea-a89d9cb1a429","0.8631287953","0.2731154769","0.0721940639","0.0189103107","0.1368712047","0.5900133184","0.2009214130","0.0532837532","0.0189103107","yes"
"9e996194-31a7-40e8-83e5-b4136004ba31","0.8920271098","0.322570919","0.0939616516","0.0265628588","0.1079728902","0.5694561908","0.2286092674","0.0673987928","0.0265628588","yes"
"80f48611-d81c-4c12-8a72-d2619dffdf7e","0.0","0.0","0.0","0.0","1.0","0.0","0.0","0.0","0.0","no"
"6199aa60-3359-4675-86d6-a0cbd06e0975","0.0","0.0","0.0","0.0","1.0","0.0","0.0","0.0","0.0","no"
"59d42581-801e-410e-9409-0f4a314b9846","0.0","0.0","0.0","0.0","1.0","0.0","0.0","0.0","0.0","no"
"45adbbbb-6cfd-4e5d-a944-37cd86c2c544","0.782768359","0.179748106","0.0381515484","0.008431037","0.217231641","0.603020253","0.1415965576","0.0297205114","0.008431037","yes"
"69d751ad-69a9-4092-ae6f-c851c66939bc","0.9150536691","0.3724567501","0.1186863295","0.036030738","0.0849463309","0.5425969190","0.2537704206","0.0826555915","0.036030738","yes"
"f1549851-b65e-4f7b-9081-48a8777fff1f","0.9150536691","0.3724567501","0.1186863295","0.036030738","0.0849463309","0.5425969190","0.2537704206","0.0826555915","0.036030738","yes"
"74df245f-3fef-472f-9a1d-c3971e377698","0.5024692805","0.0453503792","0.0054180785","0.0007751784","0.4975307195","0.4571189013","0.0399323007","0.0046429001","0.0007751784","yes"
"97e1997b-24d4-499c-bbc0-f3689bb449aa","0.0","0.0","0.0","0.0","1.0","0.0","0.0","0.0","0.0","no"
"2a2d7804-2a5d-4c96-95b2-e837807a17d9","0.9332940293","0.4218667026","0.1460912073","0.0474106096","0.0667059707","0.5114273267","0.2757754953","0.0986805977","0.0474106096","yes"
"0e971cc9-6571-41ba-82fb-0dcdf52ef0e0","0.7287691493","0.1381193492","0.0258854753","0.0052008148","0.2712308507","0.5906498001","0.1122338739","0.0206846605","0.0052008148","yes"
"7964b511-16d5-4c9d-b584-ceca361c172d","0.8271399101","0.2251307517","0.0535675346","0.0129284224","0.1728600899","0.6020091584","0.1715632171","0.0406391122","0.0129284224","yes"
"8b65f43e-ebe0-4b71-bff1-32bbf6e523b3","0.5024692805","0.0453503792","0.0054180785","0.0007751784","0.4975307195","0.4571189013","0.0399323007","0.0046429001","0.0007751784","yes"
"2ca5a28e-f97f-4888-b0f9-b640804aa44f","0.0","0.0","0.0","0.0","1.0","0.0","0.0","0.0","0.0","no"
"842aaae1-e94b-4ea0-be35-783e32124324","0.0058210198","1.21764e-05","1.918e-07","6.2e-09","0.9941789802","0.0058088434","0.0000119846","1.856E-7","6.2E-9","yes"
"f0d1d037-9fe8-47a0-904c-21ba31983106","0.0","0.0","0.0","0.0","1.0","0.0","0.0","0.0","0.0","no"
"a86035e9-4382-4346-87d8-8ac807832ff4","0.2147800216","0.006425949","0.0004127903","3.72834e-05","0.7852199784","0.2083540726","0.0060131587","0.0003755069","0.0000372834","yes"
"35e318ec-fca2-4330-976f-ec17d7a39015","0.130554606","0.0023886734","0.0001175804","8.7326e-06","0.869445394","0.1281659326","0.0022710930","0.0001088478","0.0000087326","yes"
"e8ade0e5-fcdd-444f-949f-85279bd71c7d","0.2147800216","0.006425949","0.0004127903","3.72834e-05","0.7852199784","0.2083540726","0.0060131587","0.0003755069","0.0000372834","yes"
"973668df-2c51-4a06-bf0c-e96823d4dd4f","0.0247097898","0.0001247093","3.1054e-06","1.402e-07","0.9752902102","0.0245850805","0.0001216039","0.0000029652","1.402E-7","yes"
"c87eb163-b020-4fdc-8bd5-32d5409cfe8a","0.0","0.0","0.0","0.0","1.0","0.0","0.0","0.0","0.0","no"
"19ed852b-fca9-4466-b33a-3b9b6c343395","0.0656302456","0.0006705133","2.41942e-05","1.4314e-06","0.9343697544","0.0649597323","0.0006463191","0.0000227628","0.0000014314","yes"
"8bb9d8b6-8182-4ea1-9aff-924dfbbd962e","0.5024692805","0.0453503792","0.0054180785","0.0007751784","0.4975307195","0.4571189013","0.0399323007","0.0046429001","0.0007751784","yes"
"dbbd62b7-a668-4460-ad7c-60cd81d251fc","0.7287691493","0.1381193492","0.0258854753","0.0052008148","0.2712308507","0.5906498001","0.1122338739","0.0206846605","0.0052008148","yes"
"c4ffcc1e-c798-48b0-b1a4-80e0c05fa6cf","0.0656302456","0.0006705133","2.41942e-05","1.4314e-06","0.9343697544","0.0649597323","0.0006463191","0.0000227628","0.0000014314","yes"
"1d72945d-8a02-4ba5-afa1-210716b3eae6","0.2147800216","0.006425949","0.0004127903","3.72834e-05","0.7852199784","0.2083540726","0.0060131587","0.0003755069","0.0000372834","yes"
"acd6f2cb-888a-4eef-b96d-31dec4783c88","0.8631287953","0.2731154769","0.0721940639","0.0189103107","0.1368712047","0.5900133184","0.2009214130","0.0532837532","0.0189103107","yes"
"d904ce77-2030-4d43-8715-51456da15456","0.8920271098","0.322570919","0.0939616516","0.0265628588","0.1079728902","0.5694561908","0.2286092674","0.0673987928","0.0265628588","yes"
"92efeb37-db03-47e7-b2d7-f124bda73b93","0.8271399101","0.2251307517","0.0535675346","0.0129284224","0.1728600899","0.6020091584","0.1715632171","0.0406391122","0.0129284224","yes"
"35342ac2-4761-4519-a8db-b54792f52de6","0.0","0.0","0.0","0.0","1.0","0.0","0.0","0.0","0.0","no"
"56100d0f-2c17-412c-aa52-a113932d3707","0.0","0.0","0.0","0.0","1.0","0.0","0.0","0.0","0.0","no"
"c2339d22-5cf6-4b3a-bf9c-e3b8da4711c9","0.0","0.0","0.0","0.0","1.0","0.0","0.0","0.0","0.0","no"
"f0d7ab18-01c0-436c-ac29-97cd4caf2f3b","0.0","0.0","0.0","0.0","1.0","0.0","0.0","0.0","0.0","no"
"3f903670-8ced-488d-8137-00a186ca2543","0.0","0.0","0.0","0.0","1.0","0.0","0.0","0.0","0.0","no"
"878a7a29-898e-4a21-888d-14cd5c862f86","0.0","0.0","0.0","0.0","1.0","0.0","0.0","0.0","0.0","no"
"cffcdc52-9b98-404d-b1cd-c88c91751d06","0.8271399101","0.2251307517","0.0535675346","0.0129284224","0.1728600899","0.6020091584","0.1715632171","0.0406391122","0.0129284224","yes"
"c2954533-1c91-45c4-9f97-46b4b0478849","0.9150536691","0.3724567501","0.1186863295","0.036030738","0.0849463309","0.5425969190","0.2537704206","0.0826555915","0.036030738","yes"
"cd14c516-d21e-41f5-a616-b185f149ef2b","0.9952899485","0.8155449962","0.5168667147","0.2826933277","0.0047100515","0.1797449523","0.2986782815","0.2341733870","0.2826933277","yes"
"5875b555-c71b-4978-9f44-4de85d1b5a1f","0.8271399101","0.2251307517","0.0535675346","0.0129284224","0.1728600899","0.6020091584","0.1715632171","0.0406391122","0.0129284224","yes"
"9fa85226-0542-4885-bf4f-72115b85ada8","0.8920271098","0.322570919","0.0939616516","0.0265628588","0.1079728902","0.5694561908","0.2286092674","0.0673987928","0.0265628588","yes"
"60623c4d-e6f8-4f9a-a56e-4847fb0e2f05","0.9476793571","0.4700496745","0.1758309037","0.0607484595","0.0523206429","0.4776296826","0.2942187708","0.1150824442","0.0607484595","yes"
"a16bd017-b02b-4a1d-a2b4-e7a4e4ca9182","0.0247097898","0.0001247093","3.1054e-06","1.402e-07","0.9752902102","0.0245850805","0.0001216039","0.0000029652","1.402E-7","yes"
"d581db53-6ca5-4b9a-a308-abf2f87ef71a","0.782768359","0.179748106","0.0381515484","0.008431037","0.217231641","0.603020253","0.1415965576","0.0297205114","0.008431037","yes"
"5e2eaa31-8dc2-428c-b2e0-7eaffc277fef","0.8920271098","0.322570919","0.0939616516","0.0265628588","0.1079728902","0.5694561908","0.2286092674","0.0673987928","0.0265628588","yes"
"564d10f9-431a-42a9-96a4-1ae7c350ca05","0.782768359","0.179748106","0.0381515484","0.008431037","0.217231641","0.603020253","0.1415965576","0.0297205114","0.008431037","yes"
"b1efd944-978b-4247-9809-5754b0e8a874","0.9678566889","0.5605187305","0.2407346778","0.0932354361","0.0321433111","0.4073379584","0.3197840527","0.1474992417","0.0932354361","yes"
"29d6ddcc-dcaf-45e1-b9a9-73766e521865","0.0","0.0","0.0","0.0","1.0","0.0","0.0","0.0","0.0","no"
"653ecbef-fbf1-44ea-b43a-1ec918ee9b37","0.0","0.0","0.0","0.0","1.0","0.0","0.0","0.0","0.0","no"
"e15e9b62-41b1-47c6-9a49-05e155fcc890","0.0","0.0","0.0","0.0","1.0","0.0","0.0","0.0","0.0","no"
"576bb23f-bd8c-4446-8030-5c9ac00e7439","0.0","0.0","0.0","0.0","1.0","0.0","0.0","0.0","0.0","no"
"021c97eb-ae3d-4ff9-ac8c-91730ca0b392","0.0058210198","1.21764e-05","1.918e-07","6.2e-09","0.9941789802","0.0058088434","0.0000119846","1.856E-7","6.2E-9","yes"
"f35217a6-ba3b-424f-9a4c-5751d80ae942","0.0247097898","0.0001247093","3.1054e-06","1.402e-07","0.9752902102","0.0245850805","0.0001216039","0.0000029652","1.402E-7","yes"
"3f064ea8-0efb-499a-9076-5a9e23210692","0.0","0.0","0.0","0.0","1.0","0.0","0.0","0.0","0.0","no"
"8f29f6f8-9550-40b1-b2fd-9c81f7155bfb","0.0","0.0","0.0","0.0","1.0","0.0","0.0","0.0","0.0","no"
"bcbc767c-72d0-4a44-a6f7-050ef2a9a838","0.0","0.0","0.0","0.0","1.0","0.0","0.0","0.0","0.0","no"
"d8bd1796-eca3-4fd9-831f-67503ef0de8c","0.0","0.0","0.0","0.0","1.0","0.0","0.0","0.0","0.0","no"
"b296c47d-3a06-4c09-9fec-7a3061edec00","0.0","0.0","0.0","0.0","1.0","0.0","0.0","0.0","0.0","no"
"7404de54-ced3-416c-b5a1-b7d0ea3fec19","0.0","0.0","0.0","0.0","1.0","0.0","0.0","0.0","0.0","no"
"f977e4c1-b858-4862-a300-4d2929509cd1","0.0","0.0","0.0","0.0","1.0","0.0","0.0","0.0","0.0","no"
"3f613291-f72c-4e36-8b31-ec74942f0d34","0.782768359","0.179748106","0.0381515484","0.008431037","0.217231641","0.603020253","0.1415965576","0.0297205114","0.008431037","yes"
"87b5e9c5-9e25-406e-9821-243fe6955791","0.7287691493","0.1381193492","0.0258854753","0.0052008148","0.2712308507","0.5906498001","0.1122338739","0.0206846605","0.0052008148","yes"
"80764112-8533-4b94-8744-e7ce7708fe0a","0.8271399101","0.2251307517","0.0535675346","0.0129284224","0.1728600899","0.6020091584","0.1715632171","0.0406391122","0.0129284224","yes"
"4b222421-301e-49b1-880d-705e58422f4c","0.782768359","0.179748106","0.0381515484","0.008431037","0.217231641","0.603020253","0.1415965576","0.0297205114","0.008431037","yes"
"5090dccc-54d8-4326-9be5-eed55ece2010","0.0058210198","1.21764e-05","1.918e-07","6.2e-09","0.9941789802","0.0058088434","0.0000119846","1.856E-7","6.2E-9","yes"
"82952873-e393-47c2-9c50-a5a56c893018","0.0","0.0","0.0","0.0","1.0","0.0","0.0","0.0","0.0","no"
"1eecfa5f-8500-445b-8659-caad591a402e","0.0","0.0","0.0","0.0","1.0","0.0","0.0","0.0","0.0","no"
"049ef139-dd11-4c39-a0bb-03e755a8f224","0.0","0.0","0.0","0.0","1.0","0.0","0.0","0.0","0.0","no"
"7204b497-3992-44fc-952f-1ed1c4f58814","0.0247097898","0.0001247093","3.1054e-06","1.402e-07","0.9752902102","0.0245850805","0.0001216039","0.0000029652","1.402E-7","yes"
"34ed1276-2e52-4a0c-ba6b-eaf3d9901f65","0.0","0.0","0.0","0.0","1.0","0.0","0.0","0.0","0.0","no"
"f3f2fb95-cb6d-412a-b852-06636a175435","0.0","0.0","0.0","0.0","1.0","0.0","0.0","0.0","0.0","no"
"ff6c0a27-4de4-40fe-a492-bf9fcbc0afb2","0.0","0.0","0.0","0.0","1.0","0.0","0.0","0.0","0.0","no"
"389ce36c-a114-4538-ab7f-1f10599bccef","0.0","0.0","0.0","0.0","1.0","0.0","0.0","0.0","0.0","no"
"f481772f-7388-46d1-88d4-a1d157e92fe8","0.0","0.0","0.0","0.0","1.0","0.0","0.0","0.0","0.0","no"
"78444bad-d961-4f9e-b5c4-8febbbfbf211","0.8631287953","0.2731154769","0.0721940639","0.0189103107","0.1368712047","0.5900133184","0.2009214130","0.0532837532","0.0189103107","yes"
"f85e10ad-f56c-4fb9-b570-bbe54ad9664f","0.782768359","0.179748106","0.0381515484","0.008431037","0.217231641","0.603020253","0.1415965576","0.0297205114","0.008431037","yes"
"7aa96c19-40e5-451d-a6be-2b0bacfdf04d","0.0","0.0","0.0","0.0","1.0","0.0","0.0","0.0","0.0","no"
"dd92d128-20a2-4349-83cf-da4a376b260f","0.0","0.0","0.0","0.0","1.0","0.0","0.0","0.0","0.0","no"
"0fb164db-1afc-49dd-8cff-4ce94b2a1b7e","0.5024692805","0.0453503792","0.0054180785","0.0007751784","0.4975307195","0.4571189013","0.0399323007","0.0046429001","0.0007751784","yes"
"a96893b9-a169-47a7-bac4-6caff6054766","0.782768359","0.179748106","0.0381515484","0.008431037","0.217231641","0.603020253","0.1415965576","0.0297205114","0.008431037","yes"
"dd6fb7a8-b514-456c-9e83-d4cd07531e12","0.7287691493","0.1381193492","0.0258854753","0.0052008148","0.2712308507","0.5906498001","0.1122338739","0.0206846605","0.0052008148","yes"
"963b6b1d-8375-4a15-a43c-08fc4b3e91fb","0.0656302456","0.0006705133","2.41942e-05","1.4314e-06","0.9343697544","0.0649597323","0.0006463191","0.0000227628","0.0000014314","yes"
"60a35c34-699a-4c9c-b869-a8f29c832e68","0.0","0.0","0.0","0.0","1.0","0.0","0.0","0.0","0.0","no"
"5c4b49ec-fe15-46e1-b228-42e3076ee4c6","0.0247097898","0.0001247093","3.1054e-06","1.402e-07","0.9752902102","0.0245850805","0.0001216039","0.0000029652","1.402E-7","yes"
"8ff10500-f24c-4eda-afff-6382e17c0347","0.0","0.0","0.0","0.0","1.0","0.0","0.0","0.0","0.0","no"
"51dff44e-dbb1-4cd8-bc9e-209e9f959488","0.0","0.0","0.0","0.0","1.0","0.0","0.0","0.0","0.0","no"
"66a59ec8-836b-4465-94b5-5d09c2bd0c07","0.0","0.0","0.0","0.0","1.0","0.0","0.0","0.0","0.0","no"
"f66f13cc-362a-403d-a636-93fc3124e14a","0.5024692805","0.0453503792","0.0054180785","0.0007751784","0.4975307195","0.4571189013","0.0399323007","0.0046429001","0.0007751784","yes"
"d40d12cb-1590-4662-92f4-9e396804f2a3","0.0","0.0","0.0","0.0","1.0","0.0","0.0","0.0","0.0","no"
"ac5ea54f-14bb-4010-a128-623f8122218a","0.0","0.0","0.0","0.0","1.0","0.0","0.0","0.0","0.0","no"
"c6526c70-fcdc-466f-86ab-88e38c700fbd","0.0","0.0","0.0","0.0","1.0","0.0","0.0","0.0","0.0","no"
"4a4370c4-550c-407a-837a-bfef39927711","0.9748019216","0.6020603517","0.2750727633","0.1122417416","0.0251980784","0.3727415699","0.3269875884","0.1628310217","0.1122417416","yes"
"aa8c4058-0e79-4424-b961-3035db241f33","0.8271399101","0.2251307517","0.0535675346","0.0129284224","0.1728600899","0.6020091584","0.1715632171","0.0406391122","0.0129284224","yes"
"29e9a0af-5999-400a-9f43-10c2292d5452","0.7287691493","0.1381193492","0.0258854753","0.0052008148","0.2712308507","0.5906498001","0.1122338739","0.0206846605","0.0052008148","yes"
"9385bc37-5697-4fde-ad28-8a4fb0543c06","0.9748019216","0.6020603517","0.2750727633","0.1122417416","0.0251980784","0.3727415699","0.3269875884","0.1628310217","0.1122417416","yes"
"80630ef0-7bd1-4c1e-a786-1188e45c70f1","0.2147800216","0.006425949","0.0004127903","3.72834e-05","0.7852199784","0.2083540726","0.0060131587","0.0003755069","0.0000372834","yes"
"eef4797f-b548-469d-9142-105dd1f1f362","0.8271399101","0.2251307517","0.0535675346","0.0129284224","0.1728600899","0.6020091584","0.1715632171","0.0406391122","0.0129284224","yes"
"70d85460-7541-4887-acda-aa88c3eaea1a","0.8631287953","0.2731154769","0.0721940639","0.0189103107","0.1368712047","0.5900133184","0.2009214130","0.0532837532","0.0189103107","yes"
"da416db6-05d1-44b9-beb3-7998be32c9ff","0.8271399101","0.2251307517","0.0535675346","0.0129284224","0.1728600899","0.6020091584","0.1715632171","0.0406391122","0.0129284224","yes"
"ae35762f-6ac3-4af0-8297-ecc04e728a5c","0.9476793571","0.4700496745","0.1758309037","0.0607484595","0.0523206429","0.4776296826","0.2942187708","0.1150824442","0.0607484595","yes"
"4e225a68-3d16-42dc-90ba-492aba6f43cf","0.000593433","3.908e-07","3.4e-09","1e-10","0.999406567","0.0005930422","3.874E-7","3.3E-9","1E-10","yes"
"7631f705-8e53-4110-8e88-3034a19222f0","0.0","0.0","0.0","0.0","1.0","0.0","0.0","0.0","0.0","no"
"6bc74bec-df12-4de9-ba2f-a5d0328341f4","0.7287691493","0.1381193492","0.0258854753","0.0052008148","0.2712308507","0.5906498001","0.1122338739","0.0206846605","0.0052008148","yes"
"9d435aeb-8a42-4eb5-bd05-996de06ad82d","0.9332940293","0.4218667026","0.1460912073","0.0474106096","0.0667059707","0.5114273267","0.2757754953","0.0986805977","0.0474106096","yes"
"86c2c565-2e23-486e-a37e-e2afc35f60a6","0.9150536691","0.3724567501","0.1186863295","0.036030738","0.0849463309","0.5425969190","0.2537704206","0.0826555915","0.036030738","yes"
"4a58359a-edac-4d05-9f77-a6034a559eea","0.782768359","0.179748106","0.0381515484","0.008431037","0.217231641","0.603020253","0.1415965576","0.0297205114","0.008431037","yes"
"1c5a8022-4abc-4ea9-ab3f-ac57d4e4f662","0.130554606","0.0023886734","0.0001175804","8.7326e-06","0.869445394","0.1281659326","0.0022710930","0.0001088478","0.0000087326","yes"
"d29ca921-8f13-481a-bc77-a93943912541","0.9992387374","0.9295507322","0.7311277863","0.4996318699","0.0007612626","0.0696880052","0.1984229459","0.2314959164","0.4996318699","yes"
"7138a65e-8a01-4e2e-a354-dae74ada401a","0.0","0.0","0.0","0.0","1.0","0.0","0.0","0.0","0.0","no"
"80363b11-10e5-4754-81e6-d3fdb6202979","0.0","0.0","0.0","0.0","1.0","0.0","0.0","0.0","0.0","no"
"c137de8c-b0f3-4dde-b9d9-6a83d8dd996a","0.8920271098","0.322570919","0.0939616516","0.0265628588","0.1079728902","0.5694561908","0.2286092674","0.0673987928","0.0265628588","yes"
"8189a46a-86e6-46ff-9e95-9aeb80786b72","0.7287691493","0.1381193492","0.0258854753","0.0052008148","0.2712308507","0.5906498001","0.1122338739","0.0206846605","0.0052008148","yes"
"72b34687-214b-42e2-8fd7-726cbcc7587d","0.130554606","0.0023886734","0.0001175804","8.7326e-06","0.869445394","0.1281659326","0.0022710930","0.0001088478","0.0000087326","yes"
"40ab7531-7867-4e4b-aabe-29316f0d813b","0.9878086114","0.7099166485","0.3809127186","0.1787250538","0.0121913886","0.2778919629","0.3290039299","0.2021876648","0.1787250538","yes"
"9d81ccc5-189f-4fe1-b7fe-290a67abf5c2","0.782768359","0.179748106","0.0381515484","0.008431037","0.217231641","0.603020253","0.1415965576","0.0297205114","0.008431037","yes"
"d207208e-64d4-49fb-b12d-0371c8d8cc45","0.9678566889","0.5605187305","0.2407346778","0.0932354361","0.0321433111","0.4073379584","0.3197840527","0.1474992417","0.0932354361","yes"
"4b5c2335-1229-4d55-b154-2fb95e99b09a","0.8631287953","0.2731154769","0.0721940639","0.0189103107","0.1368712047","0.5900133184","0.2009214130","0.0532837532","0.0189103107","yes"
"7cc6c487-6647-4712-af4b-ed3106348582","0.000593433","3.908e-07","3.4e-09","1e-10","0.999406567","0.0005930422","3.874E-7","3.3E-9","1E-10","yes"
"d430f679-6a16-4975-b0f8-23a6bb9dc52c","0.8631287953","0.2731154769","0.0721940639","0.0189103107","0.1368712047","0.5900133184","0.2009214130","0.0532837532","0.0189103107","yes"
"87698302-c50a-4ebd-8134-185a56050471","0.0","0.0","0.0","0.0","1.0","0.0","0.0","0.0","0.0","no"
"596a1b2d-5ea9-421d-a587-8da9c0403452","0.0","0.0","0.0","0.0","1.0","0.0","0.0","0.0","0.0","no"
"3eb450fd-90fa-4641-8385-4d1babbfcd71","0.0","0.0","0.0","0.0","1.0","0.0","0.0","0.0","0.0","no"
"a81eb784-64c9-4cb4-b497-129fb2582cd8","0.9988121754","0.9100144203","0.6860263522","0.4472817063","0.0011878246","0.0887977551","0.2239880681","0.2387446459","0.4472817063","yes"
"b72fb2e0-35cc-454d-ba04-cebf7890e87d","0.0","0.0","0.0","0.0","1.0","0.0","0.0","0.0","0.0","no"
"12cc2df7-74c3-4ec5-bdd4-d13e4eaa2d8c","0.0","0.0","0.0","0.0","1.0","0.0","0.0","0.0","0.0","no"
"097325ed-627b-4846-8948-70028c2815ef","0.0","0.0","0.0","0.0","1.0","0.0","0.0","0.0","0.0","no"
"61bee5bc-d4fc-499e-b85c-758811da1481","0.130554606","0.0023886734","0.0001175804","8.7326e-06","0.869445394","0.1281659326","0.0022710930","0.0001088478","0.0000087326","yes"
"d10f1345-c8a8-4b8b-a742-eefc65c8e5f0","0.0","0.0","0.0","0.0","1.0","0.0","0.0","0.0","0.0","no"
"d34a42dc-1552-4417-9542-be707ce7cb5e","0.0","0.0","0.0","0.0","1.0","0.0","0.0","0.0","0.0","no"
"0b794c95-bc71-4ae8-9827-8d7556e936fa","0.0","0.0","0.0","0.0","1.0","0.0","0.0","0.0","0.0","no"
"7da8a2bb-8153-421d-9e61-f9301303e6b1","0.0","0.0","0.0","0.0","1.0","0.0","0.0","0.0","0.0","no"
"c845124d-302b-48bd-8e77-0214d9cb09b0","0.0","0.0","0.0","0.0","1.0","0.0","0.0","0.0","0.0","no"
"94ca2676-140d-47df-abaf-4e314db931d3","0.6641531589","0.1013179452","0.0165732847","0.003003","0.3358468411","0.5628352137","0.0847446605","0.0135702847","0.003003","yes"
"a00b43b8-aca4-4f13-b72e-6a9ba8c67f3e","0.9988121754","0.9100144203","0.6860263522","0.4472817063","0.0011878246","0.0887977551","0.2239880681","0.2387446459","0.4472817063","yes"
"fce66d44-e139-4833-b3a2-f97c11d11ae7","0.2147800216","0.006425949","0.0004127903","3.72834e-05","0.7852199784","0.2083540726","0.0060131587","0.0003755069","0.0000372834","yes"
"7ab513f7-c2b4-40f3-9200-a5af2bbd0323","0.8631287953","0.2731154769","0.0721940639","0.0189103107","0.1368712047","0.5900133184","0.2009214130","0.0532837532","0.0189103107","yes"
"7ec7f3fd-585b-42bf-888c-6b4bcbe40217","0.782768359","0.179748106","0.0381515484","0.008431037","0.217231641","0.603020253","0.1415965576","0.0297205114","0.008431037","yes"
"b52ef3f9-7059-4959-8922-942decf0303d","0.0","0.0","0.0","0.0","1.0","0.0","0.0","0.0","0.0","no"
"129d6458-7b3b-467f-8de9-5aff94ff4eef","0.8271399101","0.2251307517","0.0535675346","0.0129284224","0.1728600899","0.6020091584","0.1715632171","0.0406391122","0.0129284224","yes"
"9a0fca28-cce6-4cc5-aa8d-787ad636fdb3","0.0","0.0","0.0","0.0","1.0","0.0","0.0","0.0","0.0","no"
"7093a9a9-d7ce-414e-a3c9-34ced89bd834","0.0247097898","0.0001247093","3.1054e-06","1.402e-07","0.9752902102","0.0245850805","0.0001216039","0.0000029652","1.402E-7","yes"
"86fafe3f-4b57-40f2-97f3-5759b263e092","0.0656302456","0.0006705133","2.41942e-05","1.4314e-06","0.9343697544","0.0649597323","0.0006463191","0.0000227628","0.0000014314","yes"
"c50fbf08-cf1c-42bb-9a93-b2b8781c4883","0.0","0.0","0.0","0.0","1.0","0.0","0.0","0.0","0.0","no"
"7526f08d-e212-44df-a961-ab7fe8ffa66e","0.0058210198","1.21764e-05","1.918e-07","6.2e-09","0.9941789802","0.0058088434","0.0000119846","1.856E-7","6.2E-9","yes"
"92f8fae4-43e0-4d5f-a6a5-58142d6ec07f","0.0","0.0","0.0","0.0","1.0","0.0","0.0","0.0","0.0","no"
"9daf2d96-c410-4806-ad75-070f7acf8d07","0.0","0.0","0.0","0.0","1.0","0.0","0.0","0.0","0.0","no"
"09f3e936-7f82-4cd3-87a6-62c61fd0c10a","0.0","0.0","0.0","0.0","1.0","0.0","0.0","0.0","0.0","no"
"665b4fd7-d6fe-4fb2-b45f-cb3ec3b4bc74","0.0","0.0","0.0","0.0","1.0","0.0","0.0","0.0","0.0","no"
"4024a6c3-e945-4a87-85f5-223a43da1f72","0.8271399101","0.2251307517","0.0535675346","0.0129284224","0.1728600899","0.6020091584","0.1715632171","0.0406391122","0.0129284224","yes"
"d54c5dbe-09e0-4363-91c6-6a71ce603dd1","0.0","0.0","0.0","0.0","1.0","0.0","0.0","0.0","0.0","no"
"c0d3e88c-21e6-4d5e-abe1-c1c71598430b","0.8271399101","0.2251307517","0.0535675346","0.0129284224","0.1728600899","0.6020091584","0.1715632171","0.0406391122","0.0129284224","yes"
"48a78cb4-30b6-48cc-9afd-eaec6620ed5f","0.8271399101","0.2251307517","0.0535675346","0.0129284224","0.1728600899","0.6020091584","0.1715632171","0.0406391122","0.0129284224","yes"
"3cd33590-b6dc-470f-bc02-56ff17393b01","0.9150536691","0.3724567501","0.1186863295","0.036030738","0.0849463309","0.5425969190","0.2537704206","0.0826555915","0.036030738","yes"
"949da2b0-4103-4e5a-b4f1-7d8bb5256e9b","0.9748019216","0.6020603517","0.2750727633","0.1122417416","0.0251980784","0.3727415699","0.3269875884","0.1628310217","0.1122417416","yes"
"3104e147-1c15-4fda-acd9-85d343511f4a","0.9924441505","0.7678512211","0.450484604","0.2291687149","0.0075558495","0.2245929294","0.3173666171","0.2213158891","0.2291687149","yes"
"d4830849-1cc2-4c91-b029-b554a8cda9fc","0.8920271098","0.322570919","0.0939616516","0.0265628588","0.1079728902","0.5694561908","0.2286092674","0.0673987928","0.0265628588","yes"
"77ced82d-f11a-49a2-a1d4-9ac7558bd924","0.0","0.0","0.0","0.0","1.0","0.0","0.0","0.0","0.0","no"
"d8795a0a-034f-4774-89a3-3f191a05b4cb","0.9678566889","0.5605187305","0.2407346778","0.0932354361","0.0321433111","0.4073379584","0.3197840527","0.1474992417","0.0932354361","yes"
"12486809-c1b3-4ce1-8b1a-e66e841e30ff","0.0","0.0","0.0","0.0","1.0","0.0","0.0","0.0","0.0","no"
"a29455f9-d409-40c3-a39f-5e5fd2c8c4f7","0.0","0.0","0.0","0.0","1.0","0.0","0.0","0.0","0.0","no"
"e1164476-992c-4a63-9e0e-e82e395509a8","0.0058210198","1.21764e-05","1.918e-07","6.2e-09","0.9941789802","0.0058088434","0.0000119846","1.856E-7","6.2E-9","yes"
"391d5506-8a65-4760-b6a5-2db79e333029","0.0","0.0","0.0","0.0","1.0","0.0","0.0","0.0","0.0","no"
"c6229def-93be-4a90-9db1-91de37febeeb","0.0","0.0","0.0","0.0","1.0","0.0","0.0","0.0","0.0","no"
"000c41e9-aa29-41df-b504-e74bc3c47764","0.8271399101","0.2251307517","0.0535675346","0.0129284224","0.1728600899","0.6020091584","0.1715632171","0.0406391122","0.0129284224","yes"
"e63aa35f-7b62-4a23-9553-29fa3b6285da","0.0","0.0","0.0","0.0","1.0","0.0","0.0","0.0","0.0","no"
"26e51345-f972-4ac0-8ab6-d7596a5d6530","0.8271399101","0.2251307517","0.0535675346","0.0129284224","0.1728600899","0.6020091584","0.1715632171","0.0406391122","0.0129284224","yes"
"71a03b86-04ab-4b36-bff2-1b9c51fe2c39","0.0","0.0","0.0","0.0","1.0","0.0","0.0","0.0","0.0","no"
"0a299e46-cf94-4efd-8d3d-0168c5c8c957","0.0","0.0","0.0","0.0","1.0","0.0","0.0","0.0","0.0","no"
"b34fa3dc-b032-43d7-8d33-306ad4b5cb92","0.9150536691","0.3724567501","0.1186863295","0.036030738","0.0849463309","0.5425969190","0.2537704206","0.0826555915","0.036030738","yes"
"61fd897e-9f13-48eb-8895-a3010b8679e6","0.0","0.0","0.0","0.0","1.0","0.0","0.0","0.0","0.0","no"
"89b2219e-212e-431d-a4b1-0df2b6c8c9b9","0.0058210198","1.21764e-05","1.918e-07","6.2e-09","0.9941789802","0.0058088434","0.0000119846","1.856E-7","6.2E-9","yes"
"a125e397-d096-4e88-9486-ef56fdea2d49","0.0","0.0","0.0","0.0","1.0","0.0","0.0","0.0","0.0","no"
"314fd9e3-32f7-4a51-b9aa-30fd2085ab6b","0.8920271098","0.322570919","0.0939616516","0.0265628588","0.1079728902","0.5694561908","0.2286092674","0.0673987928","0.0265628588","yes"
"e37067ce-99d2-45e8-98e3-e382bcf320da","0.782768359","0.179748106","0.0381515484","0.008431037","0.217231641","0.603020253","0.1415965576","0.0297205114","0.008431037","yes"
"3c12b686-5d61-4cf9-9f1f-5a0d3cfdbebf","0.9962723458","0.8359353423","0.5484170601","0.310128146","0.0037276542","0.1603370035","0.2875182822","0.2382889141","0.310128146","yes"
"2006765d-56e9-4e8b-8a30-49abe56db3cd","0.0058210198","1.21764e-05","1.918e-07","6.2e-09","0.9941789802","0.0058088434","0.0000119846","1.856E-7","6.2E-9","yes"
"33ba8bac-319b-4d40-8893-7c3c894c6723","0.0","0.0","0.0","0.0","1.0","0.0","0.0","0.0","0.0","no"
"8f9c8f71-fcab-4e34-9bbe-06bd4433ff68","0.0","0.0","0.0","0.0","1.0","0.0","0.0","0.0","0.0","no"
"03d5ebf9-abdb-49cd-99b9-e9dbe4b07bb2","0.782768359","0.179748106","0.0381515484","0.008431037","0.217231641","0.603020253","0.1415965576","0.0297205114","0.008431037","yes"
"3474955a-a434-4a60-94f1-f73c0c24e431","0.984485189","0.6768076118","0.345523173","0.1551516821","0.015514811","0.3076775772","0.3312844388","0.1903714909","0.1551516821","yes"
"3a4d4b66-6a75-4807-beb1-ae22da73a462","0.782768359","0.179748106","0.0381515484","0.008431037","0.217231641","0.603020253","0.1415965576","0.0297205114","0.008431037","yes"
"b0cca3aa-e976-439f-a4f0-e6a6267d6a7d","0.0","0.0","0.0","0.0","1.0","0.0","0.0","0.0","0.0","no"
"d636b29e-301f-457a-8c87-4076b6bf7fe5","0.0","0.0","0.0","0.0","1.0","0.0","0.0","0.0","0.0","no"
"e42029bc-9a48-4c8a-8986-1e8e6f894c7f","0.0","0.0","0.0","0.0","1.0","0.0","0.0","0.0","0.0","no"
"a740413e-5f92-4ffe-9950-818322809757","0.8631287953","0.2731154769","0.0721940639","0.0189103107","0.1368712047","0.5900133184","0.2009214130","0.0532837532","0.0189103107","yes"
"570f79bb-ef66-4522-a43c-5162cdf6842b","0.0","0.0","0.0","0.0","1.0","0.0","0.0","0.0","0.0","no"
"7be9c2c3-0ed1-404c-a8d8-f9ff0935c633","0.0","0.0","0.0","0.0","1.0","0.0","0.0","0.0","0.0","no"
"75fa6157-ae11-4795-87f1-820fd5dae149","0.130554606","0.0023886734","0.0001175804","8.7326e-06","0.869445394","0.1281659326","0.0022710930","0.0001088478","0.0000087326","yes"
"c1f044f1-7994-44b3-b8ad-5ccac67422b0","0.0","0.0","0.0","0.0","1.0","0.0","0.0","0.0","0.0","no"
"8e44b307-de7a-4bc5-82df-495382b27d1b","0.0","0.0","0.0","0.0","1.0","0.0","0.0","0.0","0.0","no"
"e6a2422e-66a6-4f8a-ad8f-89347da35e65","0.0","0.0","0.0","0.0","1.0","0.0","0.0","0.0","0.0","no"
"76f8a115-7e54-4a53-8af6-cfca406172cb","0.0058210198","1.21764e-05","1.918e-07","6.2e-09","0.9941789802","0.0058088434","0.0000119846","1.856E-7","6.2E-9","yes"
"f3dccf61-6344-46cc-8b41-ce79cbe828f5","0.0","0.0","0.0","0.0","1.0","0.0","0.0","0.0","0.0","no"
"aa53b3e9-4e38-48ac-9036-055d93ead2a3","0.0","0.0","0.0","0.0","1.0","0.0","0.0","0.0","0.0","no"
"e6a69ff3-6fa4-4646-8269-53386529d5c6","0.6641531589","0.1013179452","0.0165732847","0.003003","0.3358468411","0.5628352137","0.0847446605","0.0135702847","0.003003","yes"
"d8f91874-a577-4de6-bcff-53b870087824","0.0","0.0","0.0","0.0","1.0","0.0","0.0","0.0","0.0","no"
"b823fd38-ea67-403c-babe-f06b5546cfdf","0.000593433","3.908e-07","3.4e-09","1e-10","0.999406567","0.0005930422","3.874E-7","3.3E-9","1E-10","yes"
"510264f5-7c8d-4299-a51d-49e7841f5c15","0.0058210198","1.21764e-05","1.918e-07","6.2e-09","0.9941789802","0.0058088434","0.0000119846","1.856E-7","6.2E-9","yes"
"9b3ba50c-5635-4c00-960b-ebde7b656aef","0.000593433","3.908e-07","3.4e-09","1e-10","0.999406567","0.0005930422","3.874E-7","3.3E-9","1E-10","yes"
"67503c1a-b264-4759-b245-8a008e328d9f","0.7287691493","0.1381193492","0.0258854753","0.0052008148","0.2712308507","0.5906498001","0.1122338739","0.0206846605","0.0052008148","yes"
"57b1cb1c-9949-4cfe-ad79-82b8b0aa8083","0.0","0.0","0.0","0.0","1.0","0.0","0.0","0.0","0.0","no"
"e413a9b4-efb9-4200-b71b-aaf463caf3a8","0.8271399101","0.2251307517","0.0535675346","0.0129284224","0.1728600899","0.6020091584","0.1715632171","0.0406391122","0.0129284224","yes"
"2a668df3-dc66-4e66-946d-d258ea43d15c","0.9589876806","0.5164139208","0.2075159612","0.0760403269","0.0410123194","0.4425737598","0.3088979596","0.1314756343","0.0760403269","yes"
"fa75c1f2-155d-48a7-848d-0a59fc9dcf9f","0.8271399101","0.2251307517","0.0535675346","0.0129284224","0.1728600899","0.6020091584","0.1715632171","0.0406391122","0.0129284224","yes"
"079bc7ea-46b2-43b8-bbf0-148296c66c1c","0.000593433","3.908e-07","3.4e-09","1e-10","0.999406567","0.0005930422","3.874E-7","3.3E-9","1E-10","yes"
"7af7a9d9-9040-43ce-a876-1edf4523b37c","0.0656302456","0.0006705133","2.41942e-05","1.4314e-06","0.9343697544","0.0649597323","0.0006463191","0.0000227628","0.0000014314","yes"
"b1159af0-0b37-4d71-9cf0-e7e56783fca2","0.000593433","3.908e-07","3.4e-09","1e-10","0.999406567","0.0005930422","3.874E-7","3.3E-9","1E-10","yes"
"ba1d921d-35f7-4e32-8b06-bb88bee59e4d","0.9878086114","0.7099166485","0.3809127186","0.1787250538","0.0121913886","0.2778919629","0.3290039299","0.2021876648","0.1787250538","yes"
"3f2bcd99-b7b8-4613-9fd9-f3a81513ba3d","0.0","0.0","0.0","0.0","1.0","0.0","0.0","0.0","0.0","no"
"f52c8cf5-e751-42cd-bdc6-b5e8f71d00ee","0.8920271098","0.322570919","0.0939616516","0.0265628588","0.1079728902","0.5694561908","0.2286092674","0.0673987928","0.0265628588","yes"
"c6cf3495-1a9e-4ca1-98b3-37fb499c6df9","0.9748019216","0.6020603517","0.2750727633","0.1122417416","0.0251980784","0.3727415699","0.3269875884","0.1628310217","0.1122417416","yes"
"0686a7d7-27c2-46bd-a0e7-00d342416423","0.8920271098","0.322570919","0.0939616516","0.0265628588","0.1079728902","0.5694561908","0.2286092674","0.0673987928","0.0265628588","yes"
"a53a150b-028e-4e06-8a85-9e1c0d64be81","0.8631287953","0.2731154769","0.0721940639","0.0189103107","0.1368712047","0.5900133184","0.2009214130","0.0532837532","0.0189103107","yes"
"1dcf1322-80d6-4880-baa0-e42ac0387af4","0.9150536691","0.3724567501","0.1186863295","0.036030738","0.0849463309","0.5425969190","0.2537704206","0.0826555915","0.036030738","yes"
"8db484ee-ccd6-4efd-b897-75732718381e","0.9150536691","0.3724567501","0.1186863295","0.036030738","0.0849463309","0.5425969190","0.2537704206","0.0826555915","0.036030738","yes"
"1976a35c-e83b-4816-ad3d-55427210c24b","0.9748019216","0.6020603517","0.2750727633","0.1122417416","0.0251980784","0.3727415699","0.3269875884","0.1628310217","0.1122417416","yes"
"cab9ae27-1ee7-4417-b43e-a158959436d6","0.130554606","0.0023886734","0.0001175804","8.7326e-06","0.869445394","0.1281659326","0.0022710930","0.0001088478","0.0000087326","yes"
"4f6a5cfc-00e8-4fad-aa73-a71fa6d55c1d","0.0247097898","0.0001247093","3.1054e-06","1.402e-07","0.9752902102","0.0245850805","0.0001216039","0.0000029652","1.402E-7","yes"
"47ec2ba4-bdc8-426d-898b-ee7bc70fe1d0","0.998512206","0.8983749485","0.6613390971","0.4203376903","0.001487794","0.1001372575","0.2370358514","0.2410014068","0.4203376903","yes"
"e8353a01-3441-4e06-a020-4ec4b2ac5025","0.782768359","0.179748106","0.0381515484","0.008431037","0.217231641","0.603020253","0.1415965576","0.0297205114","0.008431037","yes"
"4a4f7ee7-3a5e-4651-8680-e5748c4df14d","0.6641531589","0.1013179452","0.0165732847","0.003003","0.3358468411","0.5628352137","0.0847446605","0.0135702847","0.003003","yes"
"5043aee1-d288-429e-8fc3-bc7340f9778b","0.9748019216","0.6020603517","0.2750727633","0.1122417416","0.0251980784","0.3727415699","0.3269875884","0.1628310217","0.1122417416","yes"
"105a9d99-dc45-439d-a381-b5e76d692f67","0.0058210198","1.21764e-05","1.918e-07","6.2e-09","0.9941789802","0.0058088434","0.0000119846","1.856E-7","6.2E-9","yes"
"39c99704-950d-43fe-ad7e-c2863020f918","0.984485189","0.6768076118","0.345523173","0.1551516821","0.015514811","0.3076775772","0.3312844388","0.1903714909","0.1551516821","yes"
"9a4ce714-4764-4eb4-b024-e7d7eb9b8be1","0.9952899485","0.8155449962","0.5168667147","0.2826933277","0.0047100515","0.1797449523","0.2986782815","0.2341733870","0.2826933277","yes"
"fbd6d920-0fc6-459f-912a-7ea618b46b64","0.0","0.0","0.0","0.0","1.0","0.0","0.0","0.0","0.0","no"
"3ba08a8f-15f0-4706-aa1f-9f6ccdb60a2a","0.0","0.0","0.0","0.0","1.0","0.0","0.0","0.0","0.0","no"
"9e075c3e-3930-4b22-aa4f-8f24a39498f7","0.0","0.0","0.0","0.0","1.0","0.0","0.0","0.0","0.0","no"
"a1ff22e6-1fbc-41f2-b064-8cd0c32c46b9","0.0","0.0","0.0","0.0","1.0","0.0","0.0","0.0","0.0","no"
"ac9a4b83-a80e-4cc7-b7be-72c7c24f3393","0.0","0.0","0.0","0.0","1.0","0.0","0.0","0.0","0.0","no"
"1fb75b50-81d4-437b-b73e-de455ecad58e","0.0","0.0","0.0","0.0","1.0","0.0","0.0","0.0","0.0","no"
"d366e65f-28ed-4da2-88f6-d00bf899648a","0.0","0.0","0.0","0.0","1.0","0.0","0.0","0.0","0.0","no"
"65a8439d-721f-4ba9-9bec-0f17a2fd59ca","0.9904086816","0.7402318201","0.415988955","0.203462892","0.0095913184","0.2501768615","0.3242428651","0.212526063","0.203462892","yes"
"bd4eeff1-7379-4015-ab54-6ecb444488c3","0.0","0.0","0.0","0.0","1.0","0.0","0.0","0.0","0.0","no"
"f671ffee-a3dc-43f0-9a5e-4b9345c86ace","0.9924441505","0.7678512211","0.450484604","0.2291687149","0.0075558495","0.2245929294","0.3173666171","0.2213158891","0.2291687149","yes"
"4ade18c9-96c3-49e5-a900-1b482d58eea0","0.0","0.0","0.0","0.0","1.0","0.0","0.0","0.0","0.0","no"
"ce013c81-34d4-4727-b35c-657d98361b50","0.984485189","0.6768076118","0.345523173","0.1551516821","0.015514811","0.3076775772","0.3312844388","0.1903714909","0.1551516821","yes"
"dbd81ea6-4af0-4a95-a4b4-6fe0877d09ae","0.9476793571","0.4700496745","0.1758309037","0.0607484595","0.0523206429","0.4776296826","0.2942187708","0.1150824442","0.0607484595","yes"
"99a6756b-ac43-46f4-a81d-bb693dd35331","0.9952899485","0.8155449962","0.5168667147","0.2826933277","0.0047100515","0.1797449523","0.2986782815","0.2341733870","0.2826933277","yes"
"ef3ff28d-ca40-4349-be97-ce157b9875b2","0.8631287953","0.2731154769","0.0721940639","0.0189103107","0.1368712047","0.5900133184","0.2009214130","0.0532837532","0.0189103107","yes"
"3b5bc50f-092c-4ff3-a0b6-2f0243e0d2ca","0.0058210198","1.21764e-05","1.918e-07","6.2e-09","0.9941789802","0.0058088434","0.0000119846","1.856E-7","6.2E-9","yes"
"3119eee9-8b7e-473e-955c-a989ecd9e5d5","0.0","0.0","0.0","0.0","1.0","0.0","0.0","0.0","0.0","no"
"0c954a47-294a-4b94-a5bc-26b33dd9c8e7","0.0","0.0","0.0","0.0","1.0","0.0","0.0","0.0","0.0","no"
"085bb815-a38e-4807-9bb9-d671a421e4ce","0.0","0.0","0.0","0.0","1.0","0.0","0.0","0.0","0.0","no"
"45e171ae-84f0-4de1-8607-6f06c0da2896","0.0","0.0","0.0","0.0","1.0","0.0","0.0","0.0","0.0","no"
"b00b52dc-ee59-44ac-9c88-0a3efd9e529a","0.782768359","0.179748106","0.0381515484","0.008431037","0.217231641","0.603020253","0.1415965576","0.0297205114","0.008431037","yes"
"d4abd508-b922-4673-9fab-b3646cd9bfe8","0.7287691493","0.1381193492","0.0258854753","0.0052008148","0.2712308507","0.5906498001","0.1122338739","0.0206846605","0.0052008148","yes"
"dd224142-be57-48fd-9718-8a243fa6e940","0.5024692805","0.0453503792","0.0054180785","0.0007751784","0.4975307195","0.4571189013","0.0399323007","0.0046429001","0.0007751784","yes"
"39218acc-d6f0-48a4-bb62-904a431ffb9d","0.0","0.0","0.0","0.0","1.0","0.0","0.0","0.0","0.0","no"
"40853f7a-ab51-4e6f-8015-cd35e4ea6db9","0.0","0.0","0.0","0.0","1.0","0.0","0.0","0.0","0.0","no"
"63a66333-6009-458b-879c-3b9d639ad2a4","0.0","0.0","0.0","0.0","1.0","0.0","0.0","0.0","0.0","no"
"ef3f1007-7fd7-4b3d-9b13-a582ac3b4175","0.0","0.0","0.0","0.0","1.0","0.0","0.0","0.0","0.0","no"
"58fd6a21-2d05-4bd1-a628-9fbe7c3a6fb0","0.0","0.0","0.0","0.0","1.0","0.0","0.0","0.0","0.0","no"
"1f40dd7e-86c7-4e39-a875-9ce0b05ed3f5","0.0","0.0","0.0","0.0","1.0","0.0","0.0","0.0","0.0","no"
"545f6d6b-889e-4b5c-8eee-1aba69273337","0.0","0.0","0.0","0.0","1.0","0.0","0.0","0.0","0.0","no"
"aba88284-7686-4b27-8c28-236abeca560d","0.0","0.0","0.0","0.0","1.0","0.0","0.0","0.0","0.0","no"
"36a39728-1eb1-416c-aa0b-aaf367b3647d","0.0","0.0","0.0","0.0","1.0","0.0","0.0","0.0","0.0","no"
"54f386a6-1929-4bba-85ac-6856dd159b5e","0.0","0.0","0.0","0.0","1.0","0.0","0.0","0.0","0.0","no"
"ffea3e89-579d-45fb-a854-ce0b123688bd","0.0","0.0","0.0","0.0","1.0","0.0","0.0","0.0","0.0","no"
"9123b30b-e7f8-4f74-ae21-1ff63b568cfd","0.0","0.0","0.0","0.0","1.0","0.0","0.0","0.0","0.0","no"
"d6100030-7e93-4e1d-805c-dac51c25a63d","0.0058210198","1.21764e-05","1.918e-07","6.2e-09","0.9941789802","0.0058088434","0.0000119846","1.856E-7","6.2E-9","yes"
"336a4d14-82b4-4283-8b8b-6ffb73eca806","0.0058210198","1.21764e-05","1.918e-07","6.2e-09","0.9941789802","0.0058088434","0.0000119846","1.856E-7","6.2E-9","yes"
"9be2f2b1-8763-4e59-8a83-64c8e60ded8c","0.0","0.0","0.0","0.0","1.0","0.0","0.0","0.0","0.0","no"
"9909b443-ab34-46d9-80ba-c5013cfd7e0a","0.0","0.0","0.0","0.0","1.0","0.0","0.0","0.0","0.0","no"
"b445104e-9adf-4922-afc0-5db087f2d103","0.0","0.0","0.0","0.0","1.0","0.0","0.0","0.0","0.0","no"
"6496e001-2256-4758-b1fc-2ac182647e83","0.0","0.0","0.0","0.0","1.0","0.0","0.0","0.0","0.0","no"
"c104b36d-8d89-40cc-8e30-cd8a5415cb01","0.0","0.0","0.0","0.0","1.0","0.0","0.0","0.0","0.0","no"
"ad5ee533-801b-49a3-8d74-8d1b50b027fd","0.0","0.0","0.0","0.0","1.0","0.0","0.0","0.0","0.0","no"
"9f5a4d42-d1de-40b9-8bf7-05501a0f56c9","0.0","0.0","0.0","0.0","1.0","0.0","0.0","0.0","0.0","no"
"4cedee21-0567-461e-a71a-b43854633fdc","0.0","0.0","0.0","0.0","1.0","0.0","0.0","0.0","0.0","no"
"f6f9be14-2425-4caf-a35b-b6260d0ad273","0.9589876806","0.5164139208","0.2075159612","0.0760403269","0.0410123194","0.4425737598","0.3088979596","0.1314756343","0.0760403269","yes"
"6344c768-7899-4ba8-a739-5d3300389e30","0.0","0.0","0.0","0.0","1.0","0.0","0.0","0.0","0.0","no"
"8701e607-1061-41cd-9d82-627600b57117","0.9904086816","0.7402318201","0.415988955","0.203462892","0.0095913184","0.2501768615","0.3242428651","0.212526063","0.203462892","yes"
"10971497-2f3c-4420-867e-d2648eb1d32e","0.9589876806","0.5164139208","0.2075159612","0.0760403269","0.0410123194","0.4425737598","0.3088979596","0.1314756343","0.0760403269","yes"
"368f8fca-449f-4da5-bd67-20a1d002bc36","0.8920271098","0.322570919","0.0939616516","0.0265628588","0.1079728902","0.5694561908","0.2286092674","0.0673987928","0.0265628588","yes"
"43ea3ed7-12d9-4bd9-9bea-df21d99c9f6e","0.7287691493","0.1381193492","0.0258854753","0.0052008148","0.2712308507","0.5906498001","0.1122338739","0.0206846605","0.0052008148","yes"
"30dc9f27-f5ce-4340-8a40-b3c1e85aa271","0.5024692805","0.0453503792","0.0054180785","0.0007751784","0.4975307195","0.4571189013","0.0399323007","0.0046429001","0.0007751784","yes"
"6aeb8b94-e850-484e-8ee3-c0f1c2c138a9","0.0","0.0","0.0","0.0","1.0","0.0","0.0","0.0","0.0","no"
"b66d8952-89d0-4b31-931a-d374a9a14f81","0.0","0.0","0.0","0.0","1.0","0.0","0.0","0.0","0.0","no"
"e1eb87ed-7e74-495a-85c5-e8f63c780601","0.5885116677","0.0702159945","0.0098922453","0.0016014618","0.4114883323","0.5182956732","0.0603237492","0.0082907835","0.0016014618","yes"
"2b9eff31-2b4e-4e46-9650-3af16e566263","0.4082356497","0.0268041473","0.0026663825","0.0003328074","0.5917643503","0.3814315024","0.0241377648","0.0023335751","0.0003328074","yes"
"65346213-6f52-4bad-979d-6cd94bc18814","0.0","0.0","0.0","0.0","1.0","0.0","0.0","0.0","0.0","no"
"b7bac640-1475-4c68-8cf1-19e82eaba817","0.000593433","3.908e-07","3.4e-09","1e-10","0.999406567","0.0005930422","3.874E-7","3.3E-9","1E-10","yes"
"9b17803c-21ad-45df-811d-7b60d9fe0bf5","0.9678566889","0.5605187305","0.2407346778","0.0932354361","0.0321433111","0.4073379584","0.3197840527","0.1474992417","0.0932354361","yes"
"f3a10986-02b1-4f76-8c67-f1b572b2f0cd","0.8271399101","0.2251307517","0.0535675346","0.0129284224","0.1728600899","0.6020091584","0.1715632171","0.0406391122","0.0129284224","yes"
"cf4b6e38-0817-4712-9558-b8c3f6651062","0.130554606","0.0023886734","0.0001175804","8.7326e-06","0.869445394","0.1281659326","0.0022710930","0.0001088478","0.0000087326","yes"
"af8a91d5-6dcb-4c70-832d-cad664130897","0.7287691493","0.1381193492","0.0258854753","0.0052008148","0.2712308507","0.5906498001","0.1122338739","0.0206846605","0.0052008148","yes"
"3a1c13f8-1166-4244-bf3f-1eb74c862fb8","0.000593433","3.908e-07","3.4e-09","1e-10","0.999406567","0.0005930422","3.874E-7","3.3E-9","1E-10","yes"
"5dffa2a0-5e65-4930-be83-88014fe78eb8","0.8631287953","0.2731154769","0.0721940639","0.0189103107","0.1368712047","0.5900133184","0.2009214130","0.0532837532","0.0189103107","yes"
"aec240a6-c554-4f86-a1b5-5d55b6d8e381","0.9332940293","0.4218667026","0.1460912073","0.0474106096","0.0667059707","0.5114273267","0.2757754953","0.0986805977","0.0474106096","yes"
"b88c0b85-d65c-416e-81eb-4db4c519bd05","0.9904086816","0.7402318201","0.415988955","0.203462892","0.0095913184","0.2501768615","0.3242428651","0.212526063","0.203462892","yes"
"27fe3d44-d6bb-491f-bfbc-e62aaef9c40c","0.6641531589","0.1013179452","0.0165732847","0.003003","0.3358468411","0.5628352137","0.0847446605","0.0135702847","0.003003","yes"
"38271ecc-52a9-4383-9fbe-3277681133d0","0.8631287953","0.2731154769","0.0721940639","0.0189103107","0.1368712047","0.5900133184","0.2009214130","0.0532837532","0.0189103107","yes"
"3491c7e4-7ff5-4e93-910a-8e6fef0e737f","0.9476793571","0.4700496745","0.1758309037","0.0607484595","0.0523206429","0.4776296826","0.2942187708","0.1150824442","0.0607484595","yes"
"e90399ae-f3f0-4ff4-a298-8835889cfc57","0.0058210198","1.21764e-05","1.918e-07","6.2e-09","0.9941789802","0.0058088434","0.0000119846","1.856E-7","6.2E-9","yes"
"d0c1fad8-b23b-421e-babf-9dbd05a3cf83","0.0058210198","1.21764e-05","1.918e-07","6.2e-09","0.9941789802","0.0058088434","0.0000119846","1.856E-7","6.2E-9","yes"
"1e3acdb4-ac72-4d5a-abc1-c85a8792579b","0.7287691493","0.1381193492","0.0258854753","0.0052008148","0.2712308507","0.5906498001","0.1122338739","0.0206846605","0.0052008148","yes"
"1bc53a8d-24b9-4103-8be9-be5d1e8f7945","0.7287691493","0.1381193492","0.0258854753","0.0052008148","0.2712308507","0.5906498001","0.1122338739","0.0206846605","0.0052008148","yes"
"70d55ae8-2bfd-4bb7-9320-37367aea7916","0.8631287953","0.2731154769","0.0721940639","0.0189103107","0.1368712047","0.5900133184","0.2009214130","0.0532837532","0.0189103107","yes"
"2da80146-e8f4-480d-a64b-0aa125e7a547","0.0","0.0","0.0","0.0","1.0","0.0","0.0","0.0","0.0","no"
"6ad36f07-35cf-48ab-8efc-a7cbf43e990d","0.9332940293","0.4218667026","0.1460912073","0.0474106096","0.0667059707","0.5114273267","0.2757754953","0.0986805977","0.0474106096","yes"
"ede63c29-b6dd-40c8-b2f5-1a812ae6fb9a","0.0","0.0","0.0","0.0","1.0","0.0","0.0","0.0","0.0","no"
"25f0ce78-f2a5-4046-a423-5b7984e73ff4","0.0","0.0","0.0","0.0","1.0","0.0","0.0","0.0","0.0","no"
"df04a9be-8adb-4e94-9cf1-f151e40dcb94","0.0","0.0","0.0","0.0","1.0","0.0","0.0","0.0","0.0","no"
"a59f4ad0-c769-4a43-9cc2-0d9c2668061c","0.984485189","0.6768076118","0.345523173","0.1551516821","0.015514811","0.3076775772","0.3312844388","0.1903714909","0.1551516821","yes"
"b23d493b-1a6e-4441-b38b-3007f00d28be","0.8920271098","0.322570919","0.0939616516","0.0265628588","0.1079728902","0.5694561908","0.2286092674","0.0673987928","0.0265628588","yes"
"bfef5823-98df-456b-8629-7d9496935282","0.9150536691","0.3724567501","0.1186863295","0.036030738","0.0849463309","0.5425969190","0.2537704206","0.0826555915","0.036030738","yes"
"b65b4d8e-36c4-4b25-be29-ba54cfb89855","0.984485189","0.6768076118","0.345523173","0.1551516821","0.015514811","0.3076775772","0.3312844388","0.1903714909","0.1551516821","yes"
"dfe310b3-3f65-4524-84dd-88f056736b26","0.8920271098","0.322570919","0.0939616516","0.0265628588","0.1079728902","0.5694561908","0.2286092674","0.0673987928","0.0265628588","yes"
"7a67cbf1-e841-46a5-853a-c45b1cb32cff","0.9150536691","0.3724567501","0.1186863295","0.036030738","0.0849463309","0.5425969190","0.2537704206","0.0826555915","0.036030738","yes"
"1784a28c-53ea-4b7b-8112-707e69c32072","0.9150536691","0.3724567501","0.1186863295","0.036030738","0.0849463309","0.5425969190","0.2537704206","0.0826555915","0.036030738","yes"
"a7a0824f-2af9-4e49-9819-7dbad9471c34","0.984485189","0.6768076118","0.345523173","0.1551516821","0.015514811","0.3076775772","0.3312844388","0.1903714909","0.1551516821","yes"
"efba6147-fb0b-4adf-b722-430e54f8b4b5","0.0","0.0","0.0","0.0","1.0","0.0","0.0","0.0","0.0","no"
"bac82c6e-b636-4d3c-b527-bf0a3df0cbec","0.9678566889","0.5605187305","0.2407346778","0.0932354361","0.0321433111","0.4073379584","0.3197840527","0.1474992417","0.0932354361","yes"
"195f1b9e-b281-400a-a162-c4d7cafac363","0.0247097898","0.0001247093","3.1054e-06","1.402e-07","0.9752902102","0.0245850805","0.0001216039","0.0000029652","1.402E-7","yes"
"2be3643d-a0e7-4005-b6ae-597967994012","0.0","0.0","0.0","0.0","1.0","0.0","0.0","0.0","0.0","no"
"1ae7c6e1-01ab-4ca4-8b34-1a31d088ba75","0.0","0.0","0.0","0.0","1.0","0.0","0.0","0.0","0.0","no"
"636ec319-c044-4599-bc85-7fa1b2229497","0.0","0.0","0.0","0.0","1.0","0.0","0.0","0.0","0.0","no"
"0ead5bb9-30de-4538-9516-57557c41befd","0.000593433","3.908e-07","3.4e-09","1e-10","0.999406567","0.0005930422","3.874E-7","3.3E-9","1E-10","yes"
"235840e0-d220-4142-9ba6-9d426e905cc3","0.000593433","3.908e-07","3.4e-09","1e-10","0.999406567","0.0005930422","3.874E-7","3.3E-9","1E-10","yes"
"a70996ae-b0d8-469e-89d1-6d6c07f631a2","0.5024692805","0.0453503792","0.0054180785","0.0007751784","0.4975307195","0.4571189013","0.0399323007","0.0046429001","0.0007751784","yes"
"39e297c3-7e56-4a5d-859e-96ea5f383404","0.0","0.0","0.0","0.0","1.0","0.0","0.0","0.0","0.0","no"
"55631d42-7b16-4fff-8180-91962a264349","0.0","0.0","0.0","0.0","1.0","0.0","0.0","0.0","0.0","no"
"102eca3c-4c38-442b-b6fb-b7e3b95cd0b5","0.0","0.0","0.0","0.0","1.0","0.0","0.0","0.0","0.0","no"
"bc5dc668-75c3-4b85-bf0f-20d2869ea3fa","0.9150536691","0.3724567501","0.1186863295","0.036030738","0.0849463309","0.5425969190","0.2537704206","0.0826555915","0.036030738","yes"
"8efdd42c-bc0c-4b06-b72f-b264cfe7014a","0.8920271098","0.322570919","0.0939616516","0.0265628588","0.1079728902","0.5694561908","0.2286092674","0.0673987928","0.0265628588","yes"
"342fdb26-4a97-4ae9-b171-66395fd609e9","0.000593433","3.908e-07","3.4e-09","1e-10","0.999406567","0.0005930422","3.874E-7","3.3E-9","1E-10","yes"
"47fa9092-4055-4750-a1a4-bb5c537636ec","0.130554606","0.0023886734","0.0001175804","8.7326e-06","0.869445394","0.1281659326","0.0022710930","0.0001088478","0.0000087326","yes"
"fcc31d79-0dd4-4cfe-9765-c27d86d6eaaa","0.0","0.0","0.0","0.0","1.0","0.0","0.0","0.0","0.0","no"
"a9836e63-0cdb-40a8-8460-fddbb27f2308","0.0","0.0","0.0","0.0","1.0","0.0","0.0","0.0","0.0","no"
"622a271b-b1cd-4259-9033-3d969abaca8f","0.0","0.0","0.0","0.0","1.0","0.0","0.0","0.0","0.0","no"
"2c59b68c-e732-448e-b8e2-32bc0848e8b5","0.9476793571","0.4700496745","0.1758309037","0.0607484595","0.0523206429","0.4776296826","0.2942187708","0.1150824442","0.0607484595","yes"
"c5e28316-80b3-4925-9f1a-52b66bd51172","0.0","0.0","0.0","0.0","1.0","0.0","0.0","0.0","0.0","no"
"834f3a9f-808c-4725-9481-8a5c03a0987d","0.0247097898","0.0001247093","3.1054e-06","1.402e-07","0.9752902102","0.0245850805","0.0001216039","0.0000029652","1.402E-7","yes"
"87394b25-2573-4dcd-baf2-12dd7a84d930","0.0058210198","1.21764e-05","1.918e-07","6.2e-09","0.9941789802","0.0058088434","0.0000119846","1.856E-7","6.2E-9","yes"
"21d3fe66-3d92-47b3-978d-98a1c70d93c6","0.0","0.0","0.0","0.0","1.0","0.0","0.0","0.0","0.0","no"
"bcc5201b-fa75-49b3-9837-3994ccc492c0","0.0","0.0","0.0","0.0","1.0","0.0","0.0","0.0","0.0","no"
"78a17c70-fa6b-41e4-97ec-5cd4275085e4","0.8271399101","0.2251307517","0.0535675346","0.0129284224","0.1728600899","0.6020091584","0.1715632171","0.0406391122","0.0129284224","yes"
"a6a457d0-d492-4618-9161-9b1fc85b59f9","0.7287691493","0.1381193492","0.0258854753","0.0052008148","0.2712308507","0.5906498001","0.1122338739","0.0206846605","0.0052008148","yes"
"13030c73-c96b-4ddb-afa4-4adc4d578f38","0.000593433","3.908e-07","3.4e-09","1e-10","0.999406567","0.0005930422","3.874E-7","3.3E-9","1E-10","yes"
"3c6272c0-b13e-4d7f-b097-e1a4670016a3","0.0","0.0","0.0","0.0","1.0","0.0","0.0","0.0","0.0","no"
"5b6d1e28-9f6d-42cf-83e2-72d797e54040","0.0","0.0","0.0","0.0","1.0","0.0","0.0","0.0","0.0","no"
"d1bd7604-7eb8-4458-8fe8-c38c2d5dfbbf","0.7287691493","0.1381193492","0.0258854753","0.0052008148","0.2712308507","0.5906498001","0.1122338739","0.0206846605","0.0052008148","yes"
"8aaea6bb-484c-49db-a053-b226506f2796","0.782768359","0.179748106","0.0381515484","0.008431037","0.217231641","0.603020253","0.1415965576","0.0297205114","0.008431037","yes"
"0312a360-1330-4877-b985-2575042d4b03","0.5885116677","0.0702159945","0.0098922453","0.0016014618","0.4114883323","0.5182956732","0.0603237492","0.0082907835","0.0016014618","yes"
"f5e55d11-bdb5-4caa-b4ef-57623ed5a4b9","0.0","0.0","0.0","0.0","1.0","0.0","0.0","0.0","0.0","no"
"09c4973f-bf51-48be-85a1-580ea78631d2","0.0","0.0","0.0","0.0","1.0","0.0","0.0","0.0","0.0","no"
"5507745b-d0e3-4762-a011-7da8bbbc00c1","0.9999769761","0.9912712573","0.9358327366","0.8168835627","0.0000230239","0.0087057188","0.0554385207","0.1189491739","0.8168835627","yes"
"a1d05537-13c0-4409-8535-4dc094ca59db","0.9999769761","0.9912712573","0.9358327366","0.8168835627","0.0000230239","0.0087057188","0.0554385207","0.1189491739","0.8168835627","yes"
"4a0e867e-515a-411d-ace3-efd3edef70aa","0.9878086114","0.7099166485","0.3809127186","0.1787250538","0.0121913886","0.2778919629","0.3290039299","0.2021876648","0.1787250538","yes"
"beba1c57-06ba-4eb3-b788-9119a1d9ea01","0.999984265","0.9931427697","0.9461295764","0.8392257247","0.000015735","0.0068414953","0.0470131933","0.1069038517","0.8392257247","yes"
"42eeaad1-2b90-4e26-80af-69f152b814a1","0.9476793571","0.4700496745","0.1758309037","0.0607484595","0.0523206429","0.4776296826","0.2942187708","0.1150824442","0.0607484595","yes"
"18d1b637-2b88-4769-91f6-704410498caf","0.4082356497","0.0268041473","0.0026663825","0.0003328074","0.5917643503","0.3814315024","0.0241377648","0.0023335751","0.0003328074","yes"
"cfff2cf7-c0ad-4a07-811c-4c69f4cbd689","0.0","0.0","0.0","0.0","1.0","0.0","0.0","0.0","0.0","no"
"dbf7ec0d-0abd-46bf-8f9c-996f6093c342","0.0656302456","0.0006705133","2.41942e-05","1.4314e-06","0.9343697544","0.0649597323","0.0006463191","0.0000227628","0.0000014314","yes"
"afe844bf-6b8c-494d-b8cf-80689f321aa9","0.0","0.0","0.0","0.0","1.0","0.0","0.0","0.0","0.0","no"
"c0908b80-61c0-4bda-8d89-91285f5f12a5","0.0","0.0","0.0","0.0","1.0","0.0","0.0","0.0","0.0","no"
"7f502c73-f0b9-4a1c-9c00-f76fb9d56ef1","0.0","0.0","0.0","0.0","1.0","0.0","0.0","0.0","0.0","no"
"9e0057c9-fc3e-4936-9667-9d540f54747f","0.0","0.0","0.0","0.0","1.0","0.0","0.0","0.0","0.0","no"
"ae96d76b-7524-4372-a5be-0dcc196cd870","0.0","0.0","0.0","0.0","1.0","0.0","0.0","0.0","0.0","no"
"6115ad4a-bb58-445b-ba74-3f2a87b929fd","0.0","0.0","0.0","0.0","1.0","0.0","0.0","0.0","0.0","no"
"fd9f6e0c-2580-4e3a-a6ff-09de43912ef7","0.0","0.0","0.0","0.0","1.0","0.0","0.0","0.0","0.0","no"
"6beea985-9f14-43a9-9496-491360106a00","0.0","0.0","0.0","0.0","1.0","0.0","0.0","0.0","0.0","no"
"a62aa946-c8a7-4530-bc9a-4327dff21823","0.5885116677","0.0702159945","0.0098922453","0.0016014618","0.4114883323","0.5182956732","0.0603237492","0.0082907835","0.0016014618","yes"
"9668cb11-a305-4bfa-a685-c4120517c783","0.5024692805","0.0453503792","0.0054180785","0.0007751784","0.4975307195","0.4571189013","0.0399323007","0.0046429001","0.0007751784","yes"
"8e3f265a-5b36-4722-bbdc-9cab64d743ca","0.9150536691","0.3724567501","0.1186863295","0.036030738","0.0849463309","0.5425969190","0.2537704206","0.0826555915","0.036030738","yes"
"05a96193-ed76-4dac-a2bd-18d3b3cc215f","0.9476793571","0.4700496745","0.1758309037","0.0607484595","0.0523206429","0.4776296826","0.2942187708","0.1150824442","0.0607484595","yes"
"8abf9b18-f663-4d49-8da7-f95f67035867","0.9332940293","0.4218667026","0.1460912073","0.0474106096","0.0667059707","0.5114273267","0.2757754953","0.0986805977","0.0474106096","yes"
"88e5f152-2433-45a5-bff8-44fa6667749c","0.6641531589","0.1013179452","0.0165732847","0.003003","0.3358468411","0.5628352137","0.0847446605","0.0135702847","0.003003","yes"
"d0e04705-8df3-4cf0-9ed6-492cd4eba123","0.5885116677","0.0702159945","0.0098922453","0.0016014618","0.4114883323","0.5182956732","0.0603237492","0.0082907835","0.0016014618","yes"
"0dfecbc9-5ad6-4b33-8eb9-d11ac60f5b1a","0.782768359","0.179748106","0.0381515484","0.008431037","0.217231641","0.603020253","0.1415965576","0.0297205114","0.008431037","yes"
"baef1f11-f30d-4ab3-b51c-aee29703fc3b","0.984485189","0.6768076118","0.345523173","0.1551516821","0.015514811","0.3076775772","0.3312844388","0.1903714909","0.1551516821","yes"
"720eeb40-95fa-4780-9778-ba2b1cebc4bc","0.9589876806","0.5164139208","0.2075159612","0.0760403269","0.0410123194","0.4425737598","0.3088979596","0.1314756343","0.0760403269","yes"
"60de5507-ff54-4ec0-b517-d063f53e5277","0.9748019216","0.6020603517","0.2750727633","0.1122417416","0.0251980784","0.3727415699","0.3269875884","0.1628310217","0.1122417416","yes"
"58140d50-d4e6-4d1b-9712-5fe23d34dc79","0.9589876806","0.5164139208","0.2075159612","0.0760403269","0.0410123194","0.4425737598","0.3088979596","0.1314756343","0.0760403269","yes"
"71131cfd-122e-45e1-96bc-7aff12ae40e7","0.9332940293","0.4218667026","0.1460912073","0.0474106096","0.0667059707","0.5114273267","0.2757754953","0.0986805977","0.0474106096","yes"
"f56a167a-f6af-4bab-8a1f-4a6df487acaa","0.9332940293","0.4218667026","0.1460912073","0.0474106096","0.0667059707","0.5114273267","0.2757754953","0.0986805977","0.0474106096","yes"
"26628721-66ca-4f35-acb4-00dc5ae5ffaa","0.9802356758","0.6408525622","0.3101281329","0.1329320999","0.0197643242","0.3393831136","0.3307244293","0.1771960330","0.1329320999","yes"
"03d2e7cb-bf6b-46f9-91fe-57355559c911","0.9999963643","0.9973457002","0.9732869088","0.9056290276","0.0000036357","0.0026506641","0.0240587914","0.0676578812","0.9056290276","yes"
"0c3d8011-fa03-430b-a2b9-9d606e679db1","0.6641531589","0.1013179452","0.0165732847","0.003003","0.3358468411","0.5628352137","0.0847446605","0.0135702847","0.003003","yes"
"f21121d2-d297-42ca-ba86-15199b174209","0.000593433","3.908e-07","3.4e-09","1e-10","0.999406567","0.0005930422","3.874E-7","3.3E-9","1E-10","yes"
"e3b5c355-586c-43de-b3cc-c558be9c0e68","0.0","0.0","0.0","0.0","1.0","0.0","0.0","0.0","0.0","no"
"fdca26c1-c7c2-4c43-a653-22427ebd330d","0.8631287953","0.2731154769","0.0721940639","0.0189103107","0.1368712047","0.5900133184","0.2009214130","0.0532837532","0.0189103107","yes"
"5603f58d-7f02-4062-81cc-f90e4eb5b85f","0.0","0.0","0.0","0.0","1.0","0.0","0.0","0.0","0.0","no"
"8b4404d9-7de9-4e84-a7c1-b0665ac33709","0.782768359","0.179748106","0.0381515484","0.008431037","0.217231641","0.603020253","0.1415965576","0.0297205114","0.008431037","yes"
"cfccde3e-0240-42d6-8d1c-b22fa68b2d38","0.0058210198","1.21764e-05","1.918e-07","6.2e-09","0.9941789802","0.0058088434","0.0000119846","1.856E-7","6.2E-9","yes"
"185e8c4f-103f-47b7-86ff-8d39d62366c9","0.8631287953","0.2731154769","0.0721940639","0.0189103107","0.1368712047","0.5900133184","0.2009214130","0.0532837532","0.0189103107","yes"
"c9d7ca39-4837-4ff2-942c-5b8f9495d9eb","0.9332940293","0.4218667026","0.1460912073","0.0474106096","0.0667059707","0.5114273267","0.2757754953","0.0986805977","0.0474106096","yes"
"c2ad265f-de20-4b8e-902b-f3f8cbc1804e","0.8920271098","0.322570919","0.0939616516","0.0265628588","0.1079728902","0.5694561908","0.2286092674","0.0673987928","0.0265628588","yes"
"e2bd4f81-af10-4ced-8e24-aac1c9b4ab9c","0.8631287953","0.2731154769","0.0721940639","0.0189103107","0.1368712047","0.5900133184","0.2009214130","0.0532837532","0.0189103107","yes"
"532a47b7-1d79-40a5-8633-c24c55781429","0.7287691493","0.1381193492","0.0258854753","0.0052008148","0.2712308507","0.5906498001","0.1122338739","0.0206846605","0.0052008148","yes"
"618639e1-e03e-4426-be54-f6811a7f2f41","0.782768359","0.179748106","0.0381515484","0.008431037","0.217231641","0.603020253","0.1415965576","0.0297205114","0.008431037","yes"
"f02bedf1-6472-44d2-a75e-be7d55981d12","0.5024692805","0.0453503792","0.0054180785","0.0007751784","0.4975307195","0.4571189013","0.0399323007","0.0046429001","0.0007751784","yes"
"7cbca550-b4ce-404f-8af4-02eae550fec7","0.5885116677","0.0702159945","0.0098922453","0.0016014618","0.4114883323","0.5182956732","0.0603237492","0.0082907835","0.0016014618","yes"
"776f0d77-9ce8-484f-9be1-474f96041c31","0.0","0.0","0.0","0.0","1.0","0.0","0.0","0.0","0.0","no"
"802a6c55-98fe-40ab-8fa9-562ca5e12e3a","0.6641531589","0.1013179452","0.0165732847","0.003003","0.3358468411","0.5628352137","0.0847446605","0.0135702847","0.003003","yes"
"0b8f5807-c4ac-44ce-b572-9d7a145e3ccb","0.9748019216","0.6020603517","0.2750727633","0.1122417416","0.0251980784","0.3727415699","0.3269875884","0.1628310217","0.1122417416","yes"
"c1870924-7905-43aa-9396-4ca4aea189ff","0.782768359","0.179748106","0.0381515484","0.008431037","0.217231641","0.603020253","0.1415965576","0.0297205114","0.008431037","yes"
"2a490c11-e8c8-4947-a7b6-ee580351ec39","0.0656302456","0.0006705133","2.41942e-05","1.4314e-06","0.9343697544","0.0649597323","0.0006463191","0.0000227628","0.0000014314","yes"
"1482b5a2-efb6-4dee-9d0a-12b355a24ee1","0.0656302456","0.0006705133","2.41942e-05","1.4314e-06","0.9343697544","0.0649597323","0.0006463191","0.0000227628","0.0000014314","yes"
"03ce4d21-fa96-4530-9aae-ab6992166937","0.0058210198","1.21764e-05","1.918e-07","6.2e-09","0.9941789802","0.0058088434","0.0000119846","1.856E-7","6.2E-9","yes"
"9ccc9e6f-8c25-49ae-a4ab-3999ae68a1c4","0.9476793571","0.4700496745","0.1758309037","0.0607484595","0.0523206429","0.4776296826","0.2942187708","0.1150824442","0.0607484595","yes"
"290a2141-f4bb-4930-a1a8-2d735e1c03fd","0.9332940293","0.4218667026","0.1460912073","0.0474106096","0.0667059707","0.5114273267","0.2757754953","0.0986805977","0.0474106096","yes"
"3ba77f3b-c8cd-47fa-9780-31e61853e3db","0.9150536691","0.3724567501","0.1186863295","0.036030738","0.0849463309","0.5425969190","0.2537704206","0.0826555915","0.036030738","yes"
"e91f29c6-2dde-45cb-ad32-b86733c5256e","0.8920271098","0.322570919","0.0939616516","0.0265628588","0.1079728902","0.5694561908","0.2286092674","0.0673987928","0.0265628588","yes"
"6fdc89bb-3f97-4e49-8650-00fac51640e6","0.9150536691","0.3724567501","0.1186863295","0.036030738","0.0849463309","0.5425969190","0.2537704206","0.0826555915","0.036030738","yes"
"fe59f464-3b83-4441-aec9-c9707e54f4d4","0.8271399101","0.2251307517","0.0535675346","0.0129284224","0.1728600899","0.6020091584","0.1715632171","0.0406391122","0.0129284224","yes"
"765ca69a-8636-48a2-8fc9-f728b88ebcc2","0.0656302456","0.0006705133","2.41942e-05","1.4314e-06","0.9343697544","0.0649597323","0.0006463191","0.0000227628","0.0000014314","yes"
"e36ef5eb-ec41-4161-b0c3-bd73c073fce0","0.782768359","0.179748106","0.0381515484","0.008431037","0.217231641","0.603020253","0.1415965576","0.0297205114","0.008431037","yes"
"0cf46177-f900-4f77-9005-cf2e055ef7f2","0.0","0.0","0.0","0.0","1.0","0.0","0.0","0.0","0.0","no"
"8eb4ceee-b977-452c-8194-90190853f07f","0.6641531589","0.1013179452","0.0165732847","0.003003","0.3358468411","0.5628352137","0.0847446605","0.0135702847","0.003003","yes"
"d90f2ef6-5c04-4244-bd85-fb0d3cdcbc84","0.0","0.0","0.0","0.0","1.0","0.0","0.0","0.0","0.0","no"
"30d91eb5-1c11-4cd3-b6de-f7feb4902fdc","0.0","0.0","0.0","0.0","1.0","0.0","0.0","0.0","0.0","no"
"a4f8dd0a-f2c0-4f69-bf40-3b4f9cd826b2","0.0","0.0","0.0","0.0","1.0","0.0","0.0","0.0","0.0","no"
"446a71aa-5f10-4bad-b104-ebc1b8e61fd1","0.0","0.0","0.0","0.0","1.0","0.0","0.0","0.0","0.0","no"
"9f9a35a9-50d4-4724-8708-2085949dd0db","0.0","0.0","0.0","0.0","1.0","0.0","0.0","0.0","0.0","no"
"d0aa8bb0-9c04-47de-8651-b090613a1864","0.0","0.0","0.0","0.0","1.0","0.0","0.0","0.0","0.0","no"
"66b50e27-fd0e-462e-8fa0-0638ed1facef","0.9970448811","0.8542456902","0.5787090911","0.3377695678","0.0029551189","0.1427991909","0.2755365991","0.2409395233","0.3377695678","yes"
"3fc7e7d9-5239-4d5d-bc72-c17f2b39d596","0.0247097898","0.0001247093","3.1054e-06","1.402e-07","0.9752902102","0.0245850805","0.0001216039","0.0000029652","1.402E-7","yes"
"6501d7b9-76f8-4884-9345-bc4d60b07bb7","0.0","0.0","0.0","0.0","1.0","0.0","0.0","0.0","0.0","no"
"e74071bb-9fbc-49bb-a497-521ed66e6c12","0.0","0.0","0.0","0.0","1.0","0.0","0.0","0.0","0.0","no"
"b54b4ec5-cacc-4c80-bd7a-44e0090b719a","0.000593433","3.908e-07","3.4e-09","1e-10","0.999406567","0.0005930422","3.874E-7","3.3E-9","1E-10","yes"
"47a2ea22-2a93-4407-93ed-c7cb24020e81","0.0","0.0","0.0","0.0","1.0","0.0","0.0","0.0","0.0","no"
"4b197af6-7e28-4c27-840a-57270bf89d62","0.0","0.0","0.0","0.0","1.0","0.0","0.0","0.0","0.0","no"
"518d409c-e9af-4b7d-b409-1cc01c7f5e17","0.0","0.0","0.0","0.0","1.0","0.0","0.0","0.0","0.0","no"
"decafa2c-093d-4488-a9b7-cdb75abf2d2c","0.0","0.0","0.0","0.0","1.0","0.0","0.0","0.0","0.0","no"
"d6b1559a-f9ea-4c37-a00b-81fa270c9d11","0.130554606","0.0023886734","0.0001175804","8.7326e-06","0.869445394","0.1281659326","0.0022710930","0.0001088478","0.0000087326","yes"
"aea73805-35c7-4a75-bf07-da9803c25612","0.0","0.0","0.0","0.0","1.0","0.0","0.0","0.0","0.0","no"
"94634d80-6a24-4fa3-8c06-3c14e896f4f9","0.0","0.0","0.0","0.0","1.0","0.0","0.0","0.0","0.0","no"
"694bdf2b-120f-44ce-9d90-1b3893e7a712","0.0247097898","0.0001247093","3.1054e-06","1.402e-07","0.9752902102","0.0245850805","0.0001216039","0.0000029652","1.402E-7","yes"
"a4a4ef80-5aac-4ec1-b070-0dfdb1b37acf","0.130554606","0.0023886734","0.0001175804","8.7326e-06","0.869445394","0.1281659326","0.0022710930","0.0001088478","0.0000087326","yes"
"e905d3ed-7046-4f65-8853-67cbc045d024","0.6641531589","0.1013179452","0.0165732847","0.003003","0.3358468411","0.5628352137","0.0847446605","0.0135702847","0.003003","yes"
"70df4a05-a278-4d49-8830-4f30393f2d05","0.8631287953","0.2731154769","0.0721940639","0.0189103107","0.1368712047","0.5900133184","0.2009214130","0.0532837532","0.0189103107","yes"
"c8dc2997-0a02-4f45-a8c2-0644223773cd","0.7287691493","0.1381193492","0.0258854753","0.0052008148","0.2712308507","0.5906498001","0.1122338739","0.0206846605","0.0052008148","yes"
"3552e32e-5dcb-46dd-876d-0934c37f8fdd","0.9748019216","0.6020603517","0.2750727633","0.1122417416","0.0251980784","0.3727415699","0.3269875884","0.1628310217","0.1122417416","yes"
"9eaaeecd-8c21-466f-a592-66df899e71e3","0.7287691493","0.1381193492","0.0258854753","0.0052008148","0.2712308507","0.5906498001","0.1122338739","0.0206846605","0.0052008148","yes"
"9395ffef-205e-4e55-a128-3d945a870e15","0.9878086114","0.7099166485","0.3809127186","0.1787250538","0.0121913886","0.2778919629","0.3290039299","0.2021876648","0.1787250538","yes"
"a2b0f703-88c2-40bd-a6af-6fbab2db2b0f","0.7287691493","0.1381193492","0.0258854753","0.0052008148","0.2712308507","0.5906498001","0.1122338739","0.0206846605","0.0052008148","yes"
"34675ae7-e029-4d43-ba04-b228be76259f","0.0","0.0","0.0","0.0","1.0","0.0","0.0","0.0","0.0","no"
"23226b71-6bc3-4eba-a9f9-31526b7d0e73","0.0","0.0","0.0","0.0","1.0","0.0","0.0","0.0","0.0","no"
"d45435a9-3349-4d72-8b88-aaf4ba029ae5","0.5024692805","0.0453503792","0.0054180785","0.0007751784","0.4975307195","0.4571189013","0.0399323007","0.0046429001","0.0007751784","yes"
"75553f73-0543-4d9a-a12c-fbff5b0012ef","0.5024692805","0.0453503792","0.0054180785","0.0007751784","0.4975307195","0.4571189013","0.0399323007","0.0046429001","0.0007751784","yes"
"ad696698-ece0-454e-b018-65c9ae1122c5","0.4082356497","0.0268041473","0.0026663825","0.0003328074","0.5917643503","0.3814315024","0.0241377648","0.0023335751","0.0003328074","yes"
"1528e576-b938-4a33-b12f-9fa54ad22a8c","0.4082356497","0.0268041473","0.0026663825","0.0003328074","0.5917643503","0.3814315024","0.0241377648","0.0023335751","0.0003328074","yes"
"83c320d5-120c-4306-81b0-eef05961a969","0.5885116677","0.0702159945","0.0098922453","0.0016014618","0.4114883323","0.5182956732","0.0603237492","0.0082907835","0.0016014618","yes"
"267a2a15-748d-40eb-b328-ad414e2808bd","0.5885116677","0.0702159945","0.0098922453","0.0016014618","0.4114883323","0.5182956732","0.0603237492","0.0082907835","0.0016014618","yes"
"e9e273c2-7189-4eba-bdc3-2da9a20d78d6","0.5885116677","0.0702159945","0.0098922453","0.0016014618","0.4114883323","0.5182956732","0.0603237492","0.0082907835","0.0016014618","yes"
"59474c2f-d2ec-4eae-b74a-fbd30812e2f3","0.0","0.0","0.0","0.0","1.0","0.0","0.0","0.0","0.0","no"
"4615a92a-a3e3-4f5f-8f06-39d80a0800ac","0.0","0.0","0.0","0.0","1.0","0.0","0.0","0.0","0.0","no"
"aa23eccc-1c97-4234-b3e9-be47e3cf0b5c","0.9802356758","0.6408525622","0.3101281329","0.1329320999","0.0197643242","0.3393831136","0.3307244293","0.1771960330","0.1329320999","yes"
"ee65cbcd-98ad-42d4-a75f-77ffffad39b0","0.782768359","0.179748106","0.0381515484","0.008431037","0.217231641","0.603020253","0.1415965576","0.0297205114","0.008431037","yes"
"13be0eee-97ce-4ea2-8be7-327e06545c9d","0.9976532703","0.8706460605","0.6076597278","0.3654511344","0.0023467297","0.1270072098","0.2629863327","0.2422085934","0.3654511344","yes"
"262107ac-e684-472f-8f0a-a50fc44d87eb","0.782768359","0.179748106","0.0381515484","0.008431037","0.217231641","0.603020253","0.1415965576","0.0297205114","0.008431037","yes"
"ac9b793a-9dc3-47e1-b28a-7efeb317a057","0.9976532703","0.8706460605","0.6076597278","0.3654511344","0.0023467297","0.1270072098","0.2629863327","0.2422085934","0.3654511344","yes"
"667a3ac0-9e47-49b4-aa4f-2465b9d70d39","0.9678566889","0.5605187305","0.2407346778","0.0932354361","0.0321433111","0.4073379584","0.3197840527","0.1474992417","0.0932354361","yes"
"a1f5cabc-152e-4043-9ef3-a34b6fec4f63","0.9678566889","0.5605187305","0.2407346778","0.0932354361","0.0321433111","0.4073379584","0.3197840527","0.1474992417","0.0932354361","yes"
"81318e74-9069-431d-887c-96999f00f228","0.9678566889","0.5605187305","0.2407346778","0.0932354361","0.0321433111","0.4073379584","0.3197840527","0.1474992417","0.0932354361","yes"
"e5011cb9-4821-4756-b15a-0c250d492aab","0.9976532703","0.8706460605","0.6076597278","0.3654511344","0.0023467297","0.1270072098","0.2629863327","0.2422085934","0.3654511344","yes"
"4975e261-f7ff-4e10-a6ac-645f65439549","0.9976532703","0.8706460605","0.6076597278","0.3654511344","0.0023467297","0.1270072098","0.2629863327","0.2422085934","0.3654511344","yes"
"b31fba86-8853-4a5b-b892-47d57a70cafa","0.9976532703","0.8706460605","0.6076597278","0.3654511344","0.0023467297","0.1270072098","0.2629863327","0.2422085934","0.3654511344","yes"
"8f009703-3650-4241-a65a-6bf41b1313be","0.5885116677","0.0702159945","0.0098922453","0.0016014618","0.4114883323","0.5182956732","0.0603237492","0.0082907835","0.0016014618","yes"
"99caf4c2-ece9-4c35-a573-f1f3d87de120","0.130554606","0.0023886734","0.0001175804","8.7326e-06","0.869445394","0.1281659326","0.0022710930","0.0001088478","0.0000087326","yes"
"f27bbd80-81b4-489a-8c3a-165b878e095d","0.5885116677","0.0702159945","0.0098922453","0.0016014618","0.4114883323","0.5182956732","0.0603237492","0.0082907835","0.0016014618","yes"
"6d0bd8ab-c172-4112-8412-3c1429a2f784","0.8920271098","0.322570919","0.0939616516","0.0265628588","0.1079728902","0.5694561908","0.2286092674","0.0673987928","0.0265628588","yes"
"a1f80262-2502-4abf-acfe-70f33b917a56","0.9150536691","0.3724567501","0.1186863295","0.036030738","0.0849463309","0.5425969190","0.2537704206","0.0826555915","0.036030738","yes"
"7c6c3a41-fca0-4ac6-84bd-762fac7cb6e0","0.9976532703","0.8706460605","0.6076597278","0.3654511344","0.0023467297","0.1270072098","0.2629863327","0.2422085934","0.3654511344","yes"
"010d3e15-1791-429b-92e4-c5ac4934ca6e","0.8631287953","0.2731154769","0.0721940639","0.0189103107","0.1368712047","0.5900133184","0.2009214130","0.0532837532","0.0189103107","yes"
"5dd92d4b-ee07-49db-bdac-a3b3cc1622c2","0.5885116677","0.0702159945","0.0098922453","0.0016014618","0.4114883323","0.5182956732","0.0603237492","0.0082907835","0.0016014618","yes"
"7ff5dc51-cca3-4826-bd09-25a033313f73","0.7287691493","0.1381193492","0.0258854753","0.0052008148","0.2712308507","0.5906498001","0.1122338739","0.0206846605","0.0052008148","yes"
"6fe0f821-c6d0-400e-ab00-deed213c8606","0.0","0.0","0.0","0.0","1.0","0.0","0.0","0.0","0.0","no"
"58cdfc6c-4233-4b19-86c2-9646dd6e4b78","0.782768359","0.179748106","0.0381515484","0.008431037","0.217231641","0.603020253","0.1415965576","0.0297205114","0.008431037","yes"
"81a8ad0c-cf44-4448-b078-311d7c412061","0.8631287953","0.2731154769","0.0721940639","0.0189103107","0.1368712047","0.5900133184","0.2009214130","0.0532837532","0.0189103107","yes"
"43b2523a-da0e-4b02-a3a3-593bf284b533","0.9748019216","0.6020603517","0.2750727633","0.1122417416","0.0251980784","0.3727415699","0.3269875884","0.1628310217","0.1122417416","yes"
"1c0faecd-b5fb-4baf-8018-de4c1c82a612","0.9150536691","0.3724567501","0.1186863295","0.036030738","0.0849463309","0.5425969190","0.2537704206","0.0826555915","0.036030738","yes"
"883ac2ab-9d3b-448f-9e19-5b397ca1a8e8","0.9332940293","0.4218667026","0.1460912073","0.0474106096","0.0667059707","0.5114273267","0.2757754953","0.0986805977","0.0474106096","yes"
"b58658d5-9ec0-496a-82ac-b91dacc34bef","0.9748019216","0.6020603517","0.2750727633","0.1122417416","0.0251980784","0.3727415699","0.3269875884","0.1628310217","0.1122417416","yes"
"bfb3c76b-faee-4d35-9583-b6b486176f8f","0.9802356758","0.6408525622","0.3101281329","0.1329320999","0.0197643242","0.3393831136","0.3307244293","0.1771960330","0.1329320999","yes"
"31820f77-9add-47df-81b4-10bdfcac93d1","0.9999869629","0.9939187245","0.9506477504","0.8494358239","0.0000130371","0.0060682384","0.0432709741","0.1012119265","0.8494358239","yes"
"3d014885-8424-4ce3-be71-9c88557417fd","0.0","0.0","0.0","0.0","1.0","0.0","0.0","0.0","0.0","no"
"87a53cad-b0b9-4632-af1d-9be7fdfc6e9d","0.4082356497","0.0268041473","0.0026663825","0.0003328074","0.5917643503","0.3814315024","0.0241377648","0.0023335751","0.0003328074","yes"
"0c518fd5-4de8-48e2-9963-1c96b2efdc2a","0.0","0.0","0.0","0.0","1.0","0.0","0.0","0.0","0.0","no"
"7f9bc4b3-da0a-4806-9939-9cfe1f11f0c6","0.9976532703","0.8706460605","0.6076597278","0.3654511344","0.0023467297","0.1270072098","0.2629863327","0.2422085934","0.3654511344","yes"
"4798bfc2-101f-4856-9ed4-55fc8144a36d","0.9962723458","0.8359353423","0.5484170601","0.310128146","0.0037276542","0.1603370035","0.2875182822","0.2382889141","0.310128146","yes"
"a54bde0e-6440-404a-909b-0087aa96a368","0.998133124","0.8853025785","0.6352134301","0.3930198652","0.001866876","0.1128305455","0.2500891484","0.2421935649","0.3930198652","yes"
"b4cc93a6-ffdb-407a-a418-dd7d464e6139","0.6641531589","0.1013179452","0.0165732847","0.003003","0.3358468411","0.5628352137","0.0847446605","0.0135702847","0.003003","yes"
"4db224f4-87dc-4fa1-a9f2-3a930557f5e1","0.0","0.0","0.0","0.0","1.0","0.0","0.0","0.0","0.0","no"
"2f9e3635-8ff7-4037-b1d5-78736d3bb624","0.9940390022","0.7929050309","0.4841728108","0.2556439946","0.0059609978","0.2011339713","0.3087322201","0.2285288162","0.2556439946","yes"
